run,solver,case,profile,stage,resolution,repeat,iterations,charts,small,accepted,preMean,preWorst,relaxedMean,relaxedWorst,mean,worst,valid,overlap,complete,mergeMs,relaxMs,packMs,error,invalid,degenerate,outOfBounds,preserveCorners,unwrapMs
merge-relax-arap-all-512,arap,bust,recommended,all,512,0,0,28,14,0,1.10776398905653,3.7604735312533,1.10776398905653,3.7604735312533,1.10771889327813,3.75915935603035,True,0,True,126.4188,0.0008,147.063,,,,,,
merge-relax-arap-all-512,arap,bust,recommended,all,512,1,0,28,14,0,1.10776398905653,3.7604735312533,1.10776398905653,3.7604735312533,1.10771889327813,3.75915935603035,True,0,True,126.4188,0.0002,136.5518,,,,,,
merge-relax-arap-all-512,arap,bust,recommended,all,512,2,0,28,14,0,1.10776398905653,3.7604735312533,1.10776398905653,3.7604735312533,1.10771889327813,3.75915935603035,True,0,True,126.4188,0.0001,135.8839,,,,,,
merge-relax-arap-all-512,arap,bust,recommended,all,512,0,50,28,14,0,1.10776398905653,3.7604735312533,1.10776398905653,3.7604735312533,1.10771889327813,3.75915935603035,True,0,True,126.4188,152.2557,138.0962,,,,,,
merge-relax-arap-all-512,arap,bust,recommended,all,512,1,50,28,14,0,1.10776398905653,3.7604735312533,1.10776398905653,3.7604735312533,1.10771889327813,3.75915935603035,True,0,True,126.4188,143.3102,135.9442,,,,,,
merge-relax-arap-all-512,arap,bust,recommended,all,512,2,50,28,14,0,1.10776398905653,3.7604735312533,1.10776398905653,3.7604735312533,1.10771889327813,3.75915935603035,True,0,True,126.4188,139.3937,136.3319,,,,,,
merge-relax-arap-all-512,arap,wave,recommended,all,512,0,0,1,0,0,1.06263177357563,1.13743918025569,1.06263177357563,1.13743918025569,1.06258735894343,1.13724377993258,True,0,True,0.5892,0,132.4803,,,,,,
merge-relax-arap-all-512,arap,wave,recommended,all,512,1,0,1,0,0,1.06263177357563,1.13743918025569,1.06263177357563,1.13743918025569,1.06258735894343,1.13724377993258,True,0,True,0.5892,0.0001,133.7067,,,,,,
merge-relax-arap-all-512,arap,wave,recommended,all,512,2,0,1,0,0,1.06263177357563,1.13743918025569,1.06263177357563,1.13743918025569,1.06258735894343,1.13724377993258,True,0,True,0.5892,0.0002,139.3956,,,,,,
merge-relax-arap-all-512,arap,wave,recommended,all,512,0,50,1,0,1,1.06263177357563,1.13743918025569,1.06231855329843,1.13466697243258,1.0623073231788,1.13461565961106,True,0,True,0.5892,23.2837,130.6927,,,,,,
merge-relax-arap-all-512,arap,wave,recommended,all,512,1,50,1,0,1,1.06263177357563,1.13743918025569,1.06231855329843,1.13466697243258,1.0623073231788,1.13461565961106,True,0,True,0.5892,22.304,132.1964,,,,,,
merge-relax-arap-all-512,arap,wave,recommended,all,512,2,50,1,0,1,1.06263177357563,1.13743918025569,1.06231855329843,1.13466697243258,1.0623073231788,1.13461565961106,True,0,True,0.5892,22.3649,130.7651,,,,,,
merge-relax-arap-all-512,arap,cylinder,recommended,all,512,0,0,4,0,0,1.09845847530889,1.37229464805045,1.09845847530889,1.37229464805045,1.09899027721762,1.37453414949146,True,0,True,1.4075,0.0001,58.6675,,,,,,
merge-relax-arap-all-512,arap,cylinder,recommended,all,512,1,0,4,0,0,1.09845847530889,1.37229464805045,1.09845847530889,1.37229464805045,1.09899027721762,1.37453414949146,True,0,True,1.4075,0.0001,59.6214,,,,,,
merge-relax-arap-all-512,arap,cylinder,recommended,all,512,2,0,4,0,0,1.09845847530889,1.37229464805045,1.09845847530889,1.37229464805045,1.09899027721762,1.37453414949146,True,0,True,1.4075,0.0001,58.7772,,,,,,
merge-relax-arap-all-512,arap,cylinder,recommended,all,512,0,50,4,0,4,1.09845847530889,1.37229464805045,1.00000101054764,1.00000452468269,1.00034342711343,1.00153939957085,True,0,True,1.4075,1.6534,66.0697,,,,,,
merge-relax-arap-all-512,arap,cylinder,recommended,all,512,1,50,4,0,4,1.09845847530889,1.37229464805045,1.00000101054764,1.00000452468269,1.00034342711343,1.00153939957085,True,0,True,1.4075,2.481,64.9917,,,,,,
merge-relax-arap-all-512,arap,cylinder,recommended,all,512,2,50,4,0,4,1.09845847530889,1.37229464805045,1.00000101054764,1.00000452468269,1.00034342711343,1.00153939957085,True,0,True,1.4075,1.6944,63.9205,,,,,,
merge-relax-arap-all-512,arap,torus,recommended,all,512,0,0,6,0,0,1.05005428442764,1.44811843350853,1.05005428442764,1.44811843350853,1.05086770133383,1.44878160048232,True,0,True,5.7492,0.0001,64.7358,,,,,,
merge-relax-arap-all-512,arap,torus,recommended,all,512,1,0,6,0,0,1.05005428442764,1.44811843350853,1.05005428442764,1.44811843350853,1.05086770133383,1.44878160048232,True,0,True,5.7492,0.0001,60.8223,,,,,,
merge-relax-arap-all-512,arap,torus,recommended,all,512,2,0,6,0,0,1.05005428442764,1.44811843350853,1.05005428442764,1.44811843350853,1.05086770133383,1.44878160048232,True,0,True,5.7492,0.0002,60.4137,,,,,,
merge-relax-arap-all-512,arap,torus,recommended,all,512,0,50,6,0,6,1.05005428442764,1.44811843350853,1.02913113663991,1.10501842958367,1.02927751884761,1.10488833721019,True,0,True,5.7492,49.5867,60.1957,,,,,,
merge-relax-arap-all-512,arap,torus,recommended,all,512,1,50,6,0,6,1.05005428442764,1.44811843350853,1.02913113663991,1.10501842958367,1.02927751884761,1.10488833721019,True,0,True,5.7492,47.9008,60.8283,,,,,,
merge-relax-arap-all-512,arap,torus,recommended,all,512,2,50,6,0,6,1.05005428442764,1.44811843350853,1.02913113663991,1.10501842958367,1.02927751884761,1.10488833721019,True,0,True,5.7492,49.2904,59.7055,,,,,,
merge-relax-arap-all-512,arap,cube,recommended,all,512,0,0,2,2,0,1.48818905377069,1.48818934110318,1.48818905377069,1.48818934110318,1.48822997619251,1.48880365508375,True,0,True,0.1531,0.0001,21.3878,,,,,,
merge-relax-arap-all-512,arap,cube,recommended,all,512,1,0,2,2,0,1.48818905377069,1.48818934110318,1.48818905377069,1.48818934110318,1.48822997619251,1.48880365508375,True,0,True,0.1531,0.0002,21.0451,,,,,,
merge-relax-arap-all-512,arap,cube,recommended,all,512,2,0,2,2,0,1.48818905377069,1.48818934110318,1.48818905377069,1.48818934110318,1.48822997619251,1.48880365508375,True,0,True,0.1531,0.0001,21.0933,,,,,,
merge-relax-arap-all-512,arap,cube,recommended,all,512,0,50,2,2,2,1.48818905377069,1.48818934110318,1.00000015610405,1.00000026887086,1.0010291937586,1.00109442879126,True,0,True,0.1531,0.1401,21.1172,,,,,,
merge-relax-arap-all-512,arap,cube,recommended,all,512,1,50,2,2,2,1.48818905377069,1.48818934110318,1.00000015610405,1.00000026887086,1.0010291937586,1.00109442879126,True,0,True,0.1531,0.1358,20.9877,,,,,,
merge-relax-arap-all-512,arap,cube,recommended,all,512,2,50,2,2,2,1.48818905377069,1.48818934110318,1.00000015610405,1.00000026887086,1.0010291937586,1.00109442879126,True,0,True,0.1531,0.1467,20.8444,,,,,,
merge-relax-arap-all-512,arap,bust,user,all,512,0,0,36,19,0,1.19156799147179,3.19792101618892,1.19156799147179,3.19792101618892,1.18991978974244,3.19395923035746,True,0,True,120.9788,0.0003,414.7159,,,,,,
merge-relax-arap-all-512,arap,bust,user,all,512,1,0,36,19,0,1.19156799147179,3.19792101618892,1.19156799147179,3.19792101618892,1.18991978974244,3.19395923035746,True,0,True,120.9788,0.0002,416.2298,,,,,,
merge-relax-arap-all-512,arap,bust,user,all,512,2,0,36,19,0,1.19156799147179,3.19792101618892,1.19156799147179,3.19792101618892,1.18991978974244,3.19395923035746,True,0,True,120.9788,0.0002,430.3154,,,,,,
merge-relax-arap-all-512,arap,bust,user,all,512,0,50,36,19,0,1.19156799147179,3.19792101618892,1.19156799147179,3.19792101618892,1.18991978974244,3.19395923035746,True,0,True,120.9788,120.0597,416.1269,,,,,,
merge-relax-arap-all-512,arap,bust,user,all,512,1,50,36,19,0,1.19156799147179,3.19792101618892,1.19156799147179,3.19792101618892,1.18991978974244,3.19395923035746,True,0,True,120.9788,116.4434,416.6105,,,,,,
merge-relax-arap-all-512,arap,bust,user,all,512,2,50,36,19,0,1.19156799147179,3.19792101618892,1.19156799147179,3.19792101618892,1.18991978974244,3.19395923035746,True,0,True,120.9788,122.0309,413.4077,,,,,,
merge-relax-arap-all-512,arap,wave,user,all,512,0,0,1,0,0,1.10198324542436,1.2041168317419,1.10198324542436,1.2041168317419,1.10214393152923,1.20432639877237,True,0,True,0.5094,0.0002,138.7769,,,,,,
merge-relax-arap-all-512,arap,wave,user,all,512,1,0,1,0,0,1.10198324542436,1.2041168317419,1.10198324542436,1.2041168317419,1.10214393152923,1.20432639877237,True,0,True,0.5094,0.0002,136.033,,,,,,
merge-relax-arap-all-512,arap,wave,user,all,512,2,0,1,0,0,1.10198324542436,1.2041168317419,1.10198324542436,1.2041168317419,1.10214393152923,1.20432639877237,True,0,True,0.5094,0.0001,134.6461,,,,,,
merge-relax-arap-all-512,arap,wave,user,all,512,0,50,1,0,1,1.10198324542436,1.2041168317419,1.08703172252648,1.18616941513411,1.08756286320552,1.18709246564659,True,0,True,0.5094,42.4984,128.4149,,,,,,
merge-relax-arap-all-512,arap,wave,user,all,512,1,50,1,0,1,1.10198324542436,1.2041168317419,1.08703172252648,1.18616941513411,1.08756286320552,1.18709246564659,True,0,True,0.5094,43.1851,134.6576,,,,,,
merge-relax-arap-all-512,arap,wave,user,all,512,2,50,1,0,1,1.10198324542436,1.2041168317419,1.08703172252648,1.18616941513411,1.08756286320552,1.18709246564659,True,0,True,0.5094,41.8679,129.4007,,,,,,
merge-relax-arap-all-512,arap,cylinder,user,all,512,0,0,4,0,0,1.25962709579655,1.27537776988289,1.25962709579655,1.27537776988289,1.25883493915273,1.27934321802813,True,0,True,1.5687,0.0001,149.532,,,,,,
merge-relax-arap-all-512,arap,cylinder,user,all,512,1,0,4,0,0,1.25962709579655,1.27537776988289,1.25962709579655,1.27537776988289,1.25883493915273,1.27934321802813,True,0,True,1.5687,0.0001,148.3898,,,,,,
merge-relax-arap-all-512,arap,cylinder,user,all,512,2,0,4,0,0,1.25962709579655,1.27537776988289,1.25962709579655,1.27537776988289,1.25883493915273,1.27934321802813,True,0,True,1.5687,0.0001,148.2445,,,,,,
merge-relax-arap-all-512,arap,cylinder,user,all,512,0,50,4,0,4,1.25962709579655,1.27537776988289,1.00000086914954,1.00000323426432,1.00185367403561,1.0047960003275,True,0,True,1.5687,2.3452,115.5688,,,,,,
merge-relax-arap-all-512,arap,cylinder,user,all,512,1,50,4,0,4,1.25962709579655,1.27537776988289,1.00000086914954,1.00000323426432,1.00185367403561,1.0047960003275,True,0,True,1.5687,1.5778,115.4365,,,,,,
merge-relax-arap-all-512,arap,cylinder,user,all,512,2,50,4,0,4,1.25962709579655,1.27537776988289,1.00000086914954,1.00000323426432,1.00185367403561,1.0047960003275,True,0,True,1.5687,1.5845,116.9664,,,,,,
merge-relax-arap-all-512,arap,torus,user,all,512,0,0,5,0,0,1.51912851206262,2.31138043609513,1.51912851206262,2.31138043609513,1.52616542572416,2.31315720100245,True,0,True,3.134,0.0002,426.1885,,,,,,
merge-relax-arap-all-512,arap,torus,user,all,512,1,0,5,0,0,1.51912851206262,2.31138043609513,1.51912851206262,2.31138043609513,1.52616542572416,2.31315720100245,True,0,True,3.134,0.0004,424.4155,,,,,,
merge-relax-arap-all-512,arap,torus,user,all,512,2,0,5,0,0,1.51912851206262,2.31138043609513,1.51912851206262,2.31138043609513,1.52616542572416,2.31315720100245,True,0,True,3.134,0.0001,423.6454,,,,,,
merge-relax-arap-all-512,arap,torus,user,all,512,0,50,5,0,5,1.51912851206262,2.31138043609513,1.04394022401348,1.26638892544699,1.04424743265814,1.26508495009476,True,0,True,3.134,39.5567,145.1548,,,,,,
merge-relax-arap-all-512,arap,torus,user,all,512,1,50,5,0,5,1.51912851206262,2.31138043609513,1.04394022401348,1.26638892544699,1.04424743265814,1.26508495009476,True,0,True,3.134,38.8057,146.311,,,,,,
merge-relax-arap-all-512,arap,torus,user,all,512,2,50,5,0,5,1.51912851206262,2.31138043609513,1.04394022401348,1.26638892544699,1.04424743265814,1.26508495009476,True,0,True,3.134,39.8625,146.3296,,,,,,
merge-relax-arap-all-512,arap,cube,user,all,512,0,0,2,2,0,1.50537646201323,1.50537660537586,1.50537646201323,1.50537660537586,1.50555234627202,1.50686693820564,True,0,True,0.1422,0.0001,66.5719,,,,,,
merge-relax-arap-all-512,arap,cube,user,all,512,1,0,2,2,0,1.50537646201323,1.50537660537586,1.50537646201323,1.50537660537586,1.50555234627202,1.50686693820564,True,0,True,0.1422,0.0001,69.1014,,,,,,
merge-relax-arap-all-512,arap,cube,user,all,512,2,0,2,2,0,1.50537646201323,1.50537660537586,1.50537646201323,1.50537660537586,1.50555234627202,1.50686693820564,True,0,True,0.1422,0.0001,67.4531,,,,,,
merge-relax-arap-all-512,arap,cube,user,all,512,0,50,2,2,2,1.50537646201323,1.50537660537586,1.00000016289252,1.0000003334066,1.00306167534757,1.00322066803551,True,0,True,0.1422,0.1348,67.5084,,,,,,
merge-relax-arap-all-512,arap,cube,user,all,512,1,50,2,2,2,1.50537646201323,1.50537660537586,1.00000016289252,1.0000003334066,1.00306167534757,1.00322066803551,True,0,True,0.1422,0.1447,67.3956,,,,,,
merge-relax-arap-all-512,arap,cube,user,all,512,2,50,2,2,2,1.50537646201323,1.50537660537586,1.00000016289252,1.0000003334066,1.00306167534757,1.00322066803551,True,0,True,0.1422,0.1431,67.8673,,,,,,
merge-relax-conformal-all-512,conformal,bust,recommended,all,512,0,0,28,14,0,1.10776398905653,3.7604735312533,1.10776398905653,3.7604735312533,1.10771889327813,3.75915935603035,True,0,True,130.6297,0.0013,148.3039,,,,,,
merge-relax-conformal-all-512,conformal,bust,recommended,all,512,1,0,28,14,0,1.10776398905653,3.7604735312533,1.10776398905653,3.7604735312533,1.10771889327813,3.75915935603035,True,0,True,130.6297,0.0002,137.6142,,,,,,
merge-relax-conformal-all-512,conformal,bust,recommended,all,512,2,0,28,14,0,1.10776398905653,3.7604735312533,1.10776398905653,3.7604735312533,1.10771889327813,3.75915935603035,True,0,True,130.6297,0.0002,138.6203,,,,,,
merge-relax-conformal-all-512,conformal,bust,recommended,all,512,0,5,28,14,28,1.10776398905653,3.7604735312533,1.0848315986602,1.76271493211325,1.08494076062608,1.76233966625851,True,0,True,130.6297,19.4168,144.296,,,,,,
merge-relax-conformal-all-512,conformal,bust,recommended,all,512,1,5,28,14,28,1.10776398905653,3.7604735312533,1.0848315986602,1.76271493211325,1.08494076062608,1.76233966625851,True,0,True,130.6297,10.6747,139.2398,,,,,,
merge-relax-conformal-all-512,conformal,bust,recommended,all,512,2,5,28,14,28,1.10776398905653,3.7604735312533,1.0848315986602,1.76271493211325,1.08494076062608,1.76233966625851,True,0,True,130.6297,13.1441,139.6857,,,,,,
merge-relax-conformal-all-512,conformal,bust,recommended,all,512,0,15,28,14,28,1.10776398905653,3.7604735312533,1.05465999552645,1.66442710062484,1.05488374659726,1.66454269070816,True,0,True,130.6297,20.8548,139.6745,,,,,,
merge-relax-conformal-all-512,conformal,bust,recommended,all,512,1,15,28,14,28,1.10776398905653,3.7604735312533,1.05465999552645,1.66442710062484,1.05488374659726,1.66454269070816,True,0,True,130.6297,20.124,139.7204,,,,,,
merge-relax-conformal-all-512,conformal,bust,recommended,all,512,2,15,28,14,28,1.10776398905653,3.7604735312533,1.05465999552645,1.66442710062484,1.05488374659726,1.66454269070816,True,0,True,130.6297,18.96,139.2304,,,,,,
merge-relax-conformal-all-512,conformal,bust,recommended,all,512,0,30,28,14,28,1.10776398905653,3.7604735312533,1.05249164039708,1.66442710062484,1.05272243844209,1.66454031266402,True,0,True,130.6297,28.2333,138.7577,,,,,,
merge-relax-conformal-all-512,conformal,bust,recommended,all,512,1,30,28,14,28,1.10776398905653,3.7604735312533,1.05249164039708,1.66442710062484,1.05272243844209,1.66454031266402,True,0,True,130.6297,27.8166,137.0925,,,,,,
merge-relax-conformal-all-512,conformal,bust,recommended,all,512,2,30,28,14,28,1.10776398905653,3.7604735312533,1.05249164039708,1.66442710062484,1.05272243844209,1.66454031266402,True,0,True,130.6297,30.9912,138.6515,,,,,,
merge-relax-conformal-all-512,conformal,bust,recommended,all,512,0,50,28,14,28,1.10776398905653,3.7604735312533,1.05198227737328,1.66442710062484,1.0522105389575,1.66454211508792,True,0,True,130.6297,39.9954,138.3044,,,,,,
merge-relax-conformal-all-512,conformal,bust,recommended,all,512,1,50,28,14,28,1.10776398905653,3.7604735312533,1.05198227737328,1.66442710062484,1.0522105389575,1.66454211508792,True,0,True,130.6297,38.6537,138.2464,,,,,,
merge-relax-conformal-all-512,conformal,bust,recommended,all,512,2,50,28,14,28,1.10776398905653,3.7604735312533,1.05198227737328,1.66442710062484,1.0522105389575,1.66454211508792,True,0,True,130.6297,37.6892,141.0537,,,,,,
merge-relax-conformal-all-512,conformal,bust,recommended,all,512,0,100,28,14,28,1.10776398905653,3.7604735312533,1.05195366215899,1.66442710062484,1.05217651424798,1.66454211508792,True,0,True,130.6297,54.6568,137.6871,,,,,,
merge-relax-conformal-all-512,conformal,bust,recommended,all,512,1,100,28,14,28,1.10776398905653,3.7604735312533,1.05195366215899,1.66442710062484,1.05217651424798,1.66454211508792,True,0,True,130.6297,51.8532,138.9167,,,,,,
merge-relax-conformal-all-512,conformal,bust,recommended,all,512,2,100,28,14,28,1.10776398905653,3.7604735312533,1.05195366215899,1.66442710062484,1.05217651424798,1.66454211508792,True,0,True,130.6297,51.7256,138.185,,,,,,
merge-relax-conformal-all-512,conformal,wave,recommended,all,512,0,0,1,0,0,1.06263177357563,1.13743918025569,1.06263177357563,1.13743918025569,1.06258735894343,1.13724377993258,True,0,True,1.2645,0.0001,135.791,,,,,,
merge-relax-conformal-all-512,conformal,wave,recommended,all,512,1,0,1,0,0,1.06263177357563,1.13743918025569,1.06263177357563,1.13743918025569,1.06258735894343,1.13724377993258,True,0,True,1.2645,0.0003,134.167,,,,,,
merge-relax-conformal-all-512,conformal,wave,recommended,all,512,2,0,1,0,0,1.06263177357563,1.13743918025569,1.06263177357563,1.13743918025569,1.06258735894343,1.13724377993258,True,0,True,1.2645,0.0002,134.338,,,,,,
merge-relax-conformal-all-512,conformal,wave,recommended,all,512,0,5,1,0,1,1.06263177357563,1.13743918025569,1.06083987601909,1.12131863025135,1.06088040475858,1.12166257175925,True,0,True,1.2645,4.778,132.0447,,,,,,
merge-relax-conformal-all-512,conformal,wave,recommended,all,512,1,5,1,0,1,1.06263177357563,1.13743918025569,1.06083987601909,1.12131863025135,1.06088040475858,1.12166257175925,True,0,True,1.2645,4.6484,130.6263,,,,,,
merge-relax-conformal-all-512,conformal,wave,recommended,all,512,2,5,1,0,1,1.06263177357563,1.13743918025569,1.06083987601909,1.12131863025135,1.06088040475858,1.12166257175925,True,0,True,1.2645,5.701,133.3593,,,,,,
merge-relax-conformal-all-512,conformal,wave,recommended,all,512,0,15,1,0,1,1.06263177357563,1.13743918025569,1.05939669810308,1.10930254526156,1.0593952592555,1.1093561785244,True,0,True,1.2645,8.5719,130.1162,,,,,,
merge-relax-conformal-all-512,conformal,wave,recommended,all,512,1,15,1,0,1,1.06263177357563,1.13743918025569,1.05939669810308,1.10930254526156,1.0593952592555,1.1093561785244,True,0,True,1.2645,10.1331,130.2622,,,,,,
merge-relax-conformal-all-512,conformal,wave,recommended,all,512,2,15,1,0,1,1.06263177357563,1.13743918025569,1.05939669810308,1.10930254526156,1.0593952592555,1.1093561785244,True,0,True,1.2645,8.5202,130.3665,,,,,,
merge-relax-conformal-all-512,conformal,wave,recommended,all,512,0,30,1,0,1,1.06263177357563,1.13743918025569,1.05901300186676,1.10613396925249,1.05901098864568,1.10577536159193,True,0,True,1.2645,16.2618,130.4599,,,,,,
merge-relax-conformal-all-512,conformal,wave,recommended,all,512,1,30,1,0,1,1.06263177357563,1.13743918025569,1.05901300186676,1.10613396925249,1.05901098864568,1.10577536159193,True,0,True,1.2645,16.445,134.0546,,,,,,
merge-relax-conformal-all-512,conformal,wave,recommended,all,512,2,30,1,0,1,1.06263177357563,1.13743918025569,1.05901300186676,1.10613396925249,1.05901098864568,1.10577536159193,True,0,True,1.2645,15.8757,129.3762,,,,,,
merge-relax-conformal-all-512,conformal,wave,recommended,all,512,0,50,1,0,1,1.06263177357563,1.13743918025569,1.0590026916965,1.0994077049189,1.05900295976826,1.09934386431277,True,0,True,1.2645,17.5907,127.6026,,,,,,
merge-relax-conformal-all-512,conformal,wave,recommended,all,512,1,50,1,0,1,1.06263177357563,1.13743918025569,1.0590026916965,1.0994077049189,1.05900295976826,1.09934386431277,True,0,True,1.2645,19.4103,125.8357,,,,,,
merge-relax-conformal-all-512,conformal,wave,recommended,all,512,2,50,1,0,1,1.06263177357563,1.13743918025569,1.0590026916965,1.0994077049189,1.05900295976826,1.09934386431277,True,0,True,1.2645,18.2502,127.1089,,,,,,
merge-relax-conformal-all-512,conformal,wave,recommended,all,512,0,100,1,0,1,1.06263177357563,1.13743918025569,1.0582712596233,1.09448997162684,1.05827112561205,1.09477184539973,True,0,True,1.2645,31.9529,122.1811,,,,,,
merge-relax-conformal-all-512,conformal,wave,recommended,all,512,1,100,1,0,1,1.06263177357563,1.13743918025569,1.0582712596233,1.09448997162684,1.05827112561205,1.09477184539973,True,0,True,1.2645,34.138,120.9162,,,,,,
merge-relax-conformal-all-512,conformal,wave,recommended,all,512,2,100,1,0,1,1.06263177357563,1.13743918025569,1.0582712596233,1.09448997162684,1.05827112561205,1.09477184539973,True,0,True,1.2645,33.0121,121.4421,,,,,,
merge-relax-conformal-all-512,conformal,cylinder,recommended,all,512,0,0,4,0,0,1.09845847530889,1.37229464805045,1.09845847530889,1.37229464805045,1.09899027721762,1.37453414949146,True,0,True,2.1009,0.0001,60.0284,,,,,,
merge-relax-conformal-all-512,conformal,cylinder,recommended,all,512,1,0,4,0,0,1.09845847530889,1.37229464805045,1.09845847530889,1.37229464805045,1.09899027721762,1.37453414949146,True,0,True,2.1009,0.0002,59.1337,,,,,,
merge-relax-conformal-all-512,conformal,cylinder,recommended,all,512,2,0,4,0,0,1.09845847530889,1.37229464805045,1.09845847530889,1.37229464805045,1.09899027721762,1.37453414949146,True,0,True,2.1009,0,59.7401,,,,,,
merge-relax-conformal-all-512,conformal,cylinder,recommended,all,512,0,5,4,0,4,1.09845847530889,1.37229464805045,1.02012516428241,1.14330603352251,1.02017541447779,1.14393722207839,True,0,True,2.1009,2.28,62.8024,,,,,,
merge-relax-conformal-all-512,conformal,cylinder,recommended,all,512,1,5,4,0,4,1.09845847530889,1.37229464805045,1.02012516428241,1.14330603352251,1.02017541447779,1.14393722207839,True,0,True,2.1009,2.3718,60.8899,,,,,,
merge-relax-conformal-all-512,conformal,cylinder,recommended,all,512,2,5,4,0,4,1.09845847530889,1.37229464805045,1.02012516428241,1.14330603352251,1.02017541447779,1.14393722207839,True,0,True,2.1009,1.6054,61.5018,,,,,,
merge-relax-conformal-all-512,conformal,cylinder,recommended,all,512,0,15,4,0,4,1.09845847530889,1.37229464805045,1.00393248797727,1.02153443690036,1.00395973763343,1.02150955808552,True,0,True,2.1009,3.6199,65.837,,,,,,
merge-relax-conformal-all-512,conformal,cylinder,recommended,all,512,1,15,4,0,4,1.09845847530889,1.37229464805045,1.00393248797727,1.02153443690036,1.00395973763343,1.02150955808552,True,0,True,2.1009,2.8519,65.7299,,,,,,
merge-relax-conformal-all-512,conformal,cylinder,recommended,all,512,2,15,4,0,4,1.09845847530889,1.37229464805045,1.00393248797727,1.02153443690036,1.00395973763343,1.02150955808552,True,0,True,2.1009,2.7243,67.1207,,,,,,
merge-relax-conformal-all-512,conformal,cylinder,recommended,all,512,0,30,4,0,4,1.09845847530889,1.37229464805045,1.0029731427294,1.01416821889274,1.00305666125893,1.01525184829487,True,0,True,2.1009,5.4012,73.0528,,,,,,
merge-relax-conformal-all-512,conformal,cylinder,recommended,all,512,1,30,4,0,4,1.09845847530889,1.37229464805045,1.0029731427294,1.01416821889274,1.00305666125893,1.01525184829487,True,0,True,2.1009,5.3703,71.3395,,,,,,
merge-relax-conformal-all-512,conformal,cylinder,recommended,all,512,2,30,4,0,4,1.09845847530889,1.37229464805045,1.0029731427294,1.01416821889274,1.00305666125893,1.01525184829487,True,0,True,2.1009,5.2888,70.8495,,,,,,
merge-relax-conformal-all-512,conformal,cylinder,recommended,all,512,0,50,4,0,4,1.09845847530889,1.37229464805045,1.00153492467905,1.01126255764209,1.0017847893986,1.01158460388087,True,0,True,2.1009,7.4758,64.2539,,,,,,
merge-relax-conformal-all-512,conformal,cylinder,recommended,all,512,1,50,4,0,4,1.09845847530889,1.37229464805045,1.00153492467905,1.01126255764209,1.0017847893986,1.01158460388087,True,0,True,2.1009,6.3276,64.3787,,,,,,
merge-relax-conformal-all-512,conformal,cylinder,recommended,all,512,2,50,4,0,4,1.09845847530889,1.37229464805045,1.00153492467905,1.01126255764209,1.0017847893986,1.01158460388087,True,0,True,2.1009,6.2803,64.3854,,,,,,
merge-relax-conformal-all-512,conformal,cylinder,recommended,all,512,0,100,4,0,4,1.09845847530889,1.37229464805045,1.00089522129263,1.00445252647475,1.00120119653281,1.00546905306511,True,0,True,2.1009,10.0342,64.5135,,,,,,
merge-relax-conformal-all-512,conformal,cylinder,recommended,all,512,1,100,4,0,4,1.09845847530889,1.37229464805045,1.00089522129263,1.00445252647475,1.00120119653281,1.00546905306511,True,0,True,2.1009,9.3538,63.618,,,,,,
merge-relax-conformal-all-512,conformal,cylinder,recommended,all,512,2,100,4,0,4,1.09845847530889,1.37229464805045,1.00089522129263,1.00445252647475,1.00120119653281,1.00546905306511,True,0,True,2.1009,9.3241,63.5279,,,,,,
merge-relax-conformal-all-512,conformal,torus,recommended,all,512,0,0,6,0,0,1.05005428442764,1.44811843350853,1.05005428442764,1.44811843350853,1.05086770133383,1.44878160048232,True,0,True,5.727,0.0001,65.615,,,,,,
merge-relax-conformal-all-512,conformal,torus,recommended,all,512,1,0,6,0,0,1.05005428442764,1.44811843350853,1.05005428442764,1.44811843350853,1.05086770133383,1.44878160048232,True,0,True,5.727,0.0001,61.5376,,,,,,
merge-relax-conformal-all-512,conformal,torus,recommended,all,512,2,0,6,0,0,1.05005428442764,1.44811843350853,1.05005428442764,1.44811843350853,1.05086770133383,1.44878160048232,True,0,True,5.727,0.0001,60.1911,,,,,,
merge-relax-conformal-all-512,conformal,torus,recommended,all,512,0,5,6,0,6,1.05005428442764,1.44811843350853,1.02620867898843,1.09851813543801,1.02651522043874,1.09847292039942,True,0,True,5.727,4.364,62.1288,,,,,,
merge-relax-conformal-all-512,conformal,torus,recommended,all,512,1,5,6,0,6,1.05005428442764,1.44811843350853,1.02620867898843,1.09851813543801,1.02651522043874,1.09847292039942,True,0,True,5.727,4.4907,60.5533,,,,,,
merge-relax-conformal-all-512,conformal,torus,recommended,all,512,2,5,6,0,6,1.05005428442764,1.44811843350853,1.02620867898843,1.09851813543801,1.02651522043874,1.09847292039942,True,0,True,5.727,3.6833,61.6711,,,,,,
merge-relax-conformal-all-512,conformal,torus,recommended,all,512,0,15,6,0,6,1.05005428442764,1.44811843350853,1.02512350334668,1.08260109446702,1.02547314979052,1.08243002049724,True,0,True,5.727,8.6674,61.9728,,,,,,
merge-relax-conformal-all-512,conformal,torus,recommended,all,512,1,15,6,0,6,1.05005428442764,1.44811843350853,1.02512350334668,1.08260109446702,1.02547314979052,1.08243002049724,True,0,True,5.727,8.0828,60.9058,,,,,,
merge-relax-conformal-all-512,conformal,torus,recommended,all,512,2,15,6,0,6,1.05005428442764,1.44811843350853,1.02512350334668,1.08260109446702,1.02547314979052,1.08243002049724,True,0,True,5.727,7.9344,61.3103,,,,,,
merge-relax-conformal-all-512,conformal,torus,recommended,all,512,0,30,6,0,6,1.05005428442764,1.44811843350853,1.02508507154483,1.0819025159389,1.02550793813613,1.0817835591726,True,0,True,5.727,11.1866,60.535,,,,,,
merge-relax-conformal-all-512,conformal,torus,recommended,all,512,1,30,6,0,6,1.05005428442764,1.44811843350853,1.02508507154483,1.0819025159389,1.02550793813613,1.0817835591726,True,0,True,5.727,11.0481,59.9199,,,,,,
merge-relax-conformal-all-512,conformal,torus,recommended,all,512,2,30,6,0,6,1.05005428442764,1.44811843350853,1.02508507154483,1.0819025159389,1.02550793813613,1.0817835591726,True,0,True,5.727,11.4514,61.6245,,,,,,
merge-relax-conformal-all-512,conformal,torus,recommended,all,512,0,50,6,0,6,1.05005428442764,1.44811843350853,1.02508224377244,1.0819025159389,1.025455736243,1.08166799157108,True,0,True,5.727,13.0815,60.4336,,,,,,
merge-relax-conformal-all-512,conformal,torus,recommended,all,512,1,50,6,0,6,1.05005428442764,1.44811843350853,1.02508224377244,1.0819025159389,1.025455736243,1.08166799157108,True,0,True,5.727,13.1782,61.5317,,,,,,
merge-relax-conformal-all-512,conformal,torus,recommended,all,512,2,50,6,0,6,1.05005428442764,1.44811843350853,1.02508224377244,1.0819025159389,1.025455736243,1.08166799157108,True,0,True,5.727,13.2424,62.8219,,,,,,
merge-relax-conformal-all-512,conformal,torus,recommended,all,512,0,100,6,0,6,1.05005428442764,1.44811843350853,1.0250791316961,1.0819025159389,1.025615057474,1.08191379067285,True,0,True,5.727,18.0619,61.1851,,,,,,
merge-relax-conformal-all-512,conformal,torus,recommended,all,512,1,100,6,0,6,1.05005428442764,1.44811843350853,1.0250791316961,1.0819025159389,1.025615057474,1.08191379067285,True,0,True,5.727,18.7914,61.81,,,,,,
merge-relax-conformal-all-512,conformal,torus,recommended,all,512,2,100,6,0,6,1.05005428442764,1.44811843350853,1.0250791316961,1.0819025159389,1.025615057474,1.08191379067285,True,0,True,5.727,18.0186,62.3177,,,,,,
merge-relax-conformal-all-512,conformal,cube,recommended,all,512,0,0,2,2,0,1.48818905377069,1.48818934110318,1.48818905377069,1.48818934110318,1.48822997619251,1.48880365508375,True,0,True,0.1428,0.0001,21.7757,,,,,,
merge-relax-conformal-all-512,conformal,cube,recommended,all,512,1,0,2,2,0,1.48818905377069,1.48818934110318,1.48818905377069,1.48818934110318,1.48822997619251,1.48880365508375,True,0,True,0.1428,0.0001,21.812,,,,,,
merge-relax-conformal-all-512,conformal,cube,recommended,all,512,2,0,2,2,0,1.48818905377069,1.48818934110318,1.48818905377069,1.48818934110318,1.48822997619251,1.48880365508375,True,0,True,0.1428,0.0002,22.1341,,,,,,
merge-relax-conformal-all-512,conformal,cube,recommended,all,512,0,5,2,2,2,1.48818905377069,1.48818934110318,1.03304021588704,1.12252023690478,1.03309059403188,1.12229487701085,True,0,True,0.1428,0.1166,23.7648,,,,,,
merge-relax-conformal-all-512,conformal,cube,recommended,all,512,1,5,2,2,2,1.48818905377069,1.48818934110318,1.03304021588704,1.12252023690478,1.03309059403188,1.12229487701085,True,0,True,0.1428,0.1186,23.8901,,,,,,
merge-relax-conformal-all-512,conformal,cube,recommended,all,512,2,5,2,2,2,1.48818905377069,1.48818934110318,1.03304021588704,1.12252023690478,1.03309059403188,1.12229487701085,True,0,True,0.1428,0.1187,25.1,,,,,,
merge-relax-conformal-all-512,conformal,cube,recommended,all,512,0,15,2,2,2,1.48818905377069,1.48818934110318,1.00001845513215,1.00004333060702,1.0009842113053,1.00103957693648,True,0,True,0.1428,0.1707,22.7379,,,,,,
merge-relax-conformal-all-512,conformal,cube,recommended,all,512,1,15,2,2,2,1.48818905377069,1.48818934110318,1.00001845513215,1.00004333060702,1.0009842113053,1.00103957693648,True,0,True,0.1428,0.1661,21.938,,,,,,
merge-relax-conformal-all-512,conformal,cube,recommended,all,512,2,15,2,2,2,1.48818905377069,1.48818934110318,1.00001845513215,1.00004333060702,1.0009842113053,1.00103957693648,True,0,True,0.1428,0.1693,21.4384,,,,,,
merge-relax-conformal-all-512,conformal,cube,recommended,all,512,0,30,2,2,2,1.48818905377069,1.48818934110318,1.00000888467617,1.00001778220268,1.00102214101107,1.00109001382916,True,0,True,0.1428,0.1873,21.5548,,,,,,
merge-relax-conformal-all-512,conformal,cube,recommended,all,512,1,30,2,2,2,1.48818905377069,1.48818934110318,1.00000888467617,1.00001778220268,1.00102214101107,1.00109001382916,True,0,True,0.1428,0.1778,21.2198,,,,,,
merge-relax-conformal-all-512,conformal,cube,recommended,all,512,2,30,2,2,2,1.48818905377069,1.48818934110318,1.00000888467617,1.00001778220268,1.00102214101107,1.00109001382916,True,0,True,0.1428,0.1788,21.0942,,,,,,
merge-relax-conformal-all-512,conformal,cube,recommended,all,512,0,50,2,2,2,1.48818905377069,1.48818934110318,1.00000888467617,1.00001778220268,1.00102214101107,1.00109001382916,True,0,True,0.1428,0.9252,21.06,,,,,,
merge-relax-conformal-all-512,conformal,cube,recommended,all,512,1,50,2,2,2,1.48818905377069,1.48818934110318,1.00000888467617,1.00001778220268,1.00102214101107,1.00109001382916,True,0,True,0.1428,0.1811,20.9627,,,,,,
merge-relax-conformal-all-512,conformal,cube,recommended,all,512,2,50,2,2,2,1.48818905377069,1.48818934110318,1.00000888467617,1.00001778220268,1.00102214101107,1.00109001382916,True,0,True,0.1428,0.1839,20.9908,,,,,,
merge-relax-conformal-all-512,conformal,cube,recommended,all,512,0,100,2,2,2,1.48818905377069,1.48818934110318,1.00000888467617,1.00001778220268,1.00102214101107,1.00109001382916,True,0,True,0.1428,0.9546,21.2432,,,,,,
merge-relax-conformal-all-512,conformal,cube,recommended,all,512,1,100,2,2,2,1.48818905377069,1.48818934110318,1.00000888467617,1.00001778220268,1.00102214101107,1.00109001382916,True,0,True,0.1428,0.1961,21.003,,,,,,
merge-relax-conformal-all-512,conformal,cube,recommended,all,512,2,100,2,2,2,1.48818905377069,1.48818934110318,1.00000888467617,1.00001778220268,1.00102214101107,1.00109001382916,True,0,True,0.1428,0.1875,21.4005,,,,,,
merge-relax-conformal-all-512,conformal,bust,user,all,512,0,0,36,19,0,1.19156799147179,3.19792101618892,1.19156799147179,3.19792101618892,1.18991978974244,3.19395923035746,True,0,True,130.3547,0.0004,421.4917,,,,,,
merge-relax-conformal-all-512,conformal,bust,user,all,512,1,0,36,19,0,1.19156799147179,3.19792101618892,1.19156799147179,3.19792101618892,1.18991978974244,3.19395923035746,True,0,True,130.3547,0.0001,422.8999,,,,,,
merge-relax-conformal-all-512,conformal,bust,user,all,512,2,0,36,19,0,1.19156799147179,3.19792101618892,1.19156799147179,3.19792101618892,1.18991978974244,3.19395923035746,True,0,True,130.3547,0.0002,421.1765,,,,,,
merge-relax-conformal-all-512,conformal,bust,user,all,512,0,5,36,19,35,1.19156799147179,3.19792101618892,1.1631253657069,2.09634559559429,1.16287269689752,2.09661821547239,True,0,True,130.3547,14.9985,518.5056,,,,,,
merge-relax-conformal-all-512,conformal,bust,user,all,512,1,5,36,19,35,1.19156799147179,3.19792101618892,1.1631253657069,2.09634559559429,1.16287269689752,2.09661821547239,True,0,True,130.3547,15.7761,447.8681,,,,,,
merge-relax-conformal-all-512,conformal,bust,user,all,512,2,5,36,19,35,1.19156799147179,3.19792101618892,1.1631253657069,2.09634559559429,1.16287269689752,2.09661821547239,True,0,True,130.3547,10.0463,425.3929,,,,,,
merge-relax-conformal-all-512,conformal,bust,user,all,512,0,15,36,19,36,1.19156799147179,3.19792101618892,1.1135720375122,1.71705751538879,1.11341647696944,1.7170910128327,True,0,True,130.3547,21.9528,438.5406,,,,,,
merge-relax-conformal-all-512,conformal,bust,user,all,512,1,15,36,19,36,1.19156799147179,3.19792101618892,1.1135720375122,1.71705751538879,1.11341647696944,1.7170910128327,True,0,True,130.3547,19.6619,425.194,,,,,,
merge-relax-conformal-all-512,conformal,bust,user,all,512,2,15,36,19,36,1.19156799147179,3.19792101618892,1.1135720375122,1.71705751538879,1.11341647696944,1.7170910128327,True,0,True,130.3547,23.5648,430.9796,,,,,,
merge-relax-conformal-all-512,conformal,bust,user,all,512,0,30,36,19,36,1.19156799147179,3.19792101618892,1.09128220341392,1.66302346442338,1.09243753751331,1.66255282251909,True,0,True,130.3547,32.2748,392.9117,,,,,,
merge-relax-conformal-all-512,conformal,bust,user,all,512,1,30,36,19,36,1.19156799147179,3.19792101618892,1.09128220341392,1.66302346442338,1.09243753751331,1.66255282251909,True,0,True,130.3547,33.4415,402.7915,,,,,,
merge-relax-conformal-all-512,conformal,bust,user,all,512,2,30,36,19,36,1.19156799147179,3.19792101618892,1.09128220341392,1.66302346442338,1.09243753751331,1.66255282251909,True,0,True,130.3547,32.964,392.6497,,,,,,
merge-relax-conformal-all-512,conformal,bust,user,all,512,0,50,36,19,36,1.19156799147179,3.19792101618892,1.06189227965535,1.6510273539149,1.06325095969336,1.65893536381433,True,0,True,130.3547,41.3944,367.7948,,,,,,
merge-relax-conformal-all-512,conformal,bust,user,all,512,1,50,36,19,36,1.19156799147179,3.19792101618892,1.06189227965535,1.6510273539149,1.06325095969336,1.65893536381433,True,0,True,130.3547,48.3588,456.9381,,,,,,
merge-relax-conformal-all-512,conformal,bust,user,all,512,2,50,36,19,36,1.19156799147179,3.19792101618892,1.06189227965535,1.6510273539149,1.06325095969336,1.65893536381433,True,0,True,130.3547,41.5487,378.3404,,,,,,
merge-relax-conformal-all-512,conformal,bust,user,all,512,0,100,36,19,36,1.19156799147179,3.19792101618892,1.06158870687196,1.6510273539149,1.06292815553978,1.65889395157627,True,0,True,130.3547,57.3977,372.9807,,,,,,
merge-relax-conformal-all-512,conformal,bust,user,all,512,1,100,36,19,36,1.19156799147179,3.19792101618892,1.06158870687196,1.6510273539149,1.06292815553978,1.65889395157627,True,0,True,130.3547,54.3149,368.2974,,,,,,
merge-relax-conformal-all-512,conformal,bust,user,all,512,2,100,36,19,36,1.19156799147179,3.19792101618892,1.06158870687196,1.6510273539149,1.06292815553978,1.65889395157627,True,0,True,130.3547,55.7066,364.7052,,,,,,
merge-relax-conformal-all-512,conformal,wave,user,all,512,0,0,1,0,0,1.10198324542436,1.2041168317419,1.10198324542436,1.2041168317419,1.10214393152923,1.20432639877237,True,0,True,2.4302,0.0001,135.9022,,,,,,
merge-relax-conformal-all-512,conformal,wave,user,all,512,1,0,1,0,0,1.10198324542436,1.2041168317419,1.10198324542436,1.2041168317419,1.10214393152923,1.20432639877237,True,0,True,2.4302,0.0001,135.1016,,,,,,
merge-relax-conformal-all-512,conformal,wave,user,all,512,2,0,1,0,0,1.10198324542436,1.2041168317419,1.10198324542436,1.2041168317419,1.10214393152923,1.20432639877237,True,0,True,2.4302,0.0002,137.632,,,,,,
merge-relax-conformal-all-512,conformal,wave,user,all,512,0,5,1,0,0,1.10198324542436,1.2041168317419,1.10198324542436,1.2041168317419,1.10214393152923,1.20432639877237,True,0,True,2.4302,1.0814,138.8549,,,,,,
merge-relax-conformal-all-512,conformal,wave,user,all,512,1,5,1,0,0,1.10198324542436,1.2041168317419,1.10198324542436,1.2041168317419,1.10214393152923,1.20432639877237,True,0,True,2.4302,1.7654,137.3525,,,,,,
merge-relax-conformal-all-512,conformal,wave,user,all,512,2,5,1,0,0,1.10198324542436,1.2041168317419,1.10198324542436,1.2041168317419,1.10214393152923,1.20432639877237,True,0,True,2.4302,1.722,135.2105,,,,,,
merge-relax-conformal-all-512,conformal,wave,user,all,512,0,15,1,0,1,1.10198324542436,1.2041168317419,1.06287305087725,1.16785131345804,1.06288882009136,1.1686913437729,True,0,True,2.4302,5.52,127.3796,,,,,,
merge-relax-conformal-all-512,conformal,wave,user,all,512,1,15,1,0,1,1.10198324542436,1.2041168317419,1.06287305087725,1.16785131345804,1.06288882009136,1.1686913437729,True,0,True,2.4302,6.5757,127.0659,,,,,,
merge-relax-conformal-all-512,conformal,wave,user,all,512,2,15,1,0,1,1.10198324542436,1.2041168317419,1.06287305087725,1.16785131345804,1.06288882009136,1.1686913437729,True,0,True,2.4302,5.4121,127.6738,,,,,,
merge-relax-conformal-all-512,conformal,wave,user,all,512,0,30,1,0,1,1.10198324542436,1.2041168317419,1.05923379914992,1.10839383078635,1.05922578212096,1.10937728687781,True,0,True,2.4302,13.0763,128.6258,,,,,,
merge-relax-conformal-all-512,conformal,wave,user,all,512,1,30,1,0,1,1.10198324542436,1.2041168317419,1.05923379914992,1.10839383078635,1.05922578212096,1.10937728687781,True,0,True,2.4302,11.7545,127.5205,,,,,,
merge-relax-conformal-all-512,conformal,wave,user,all,512,2,30,1,0,1,1.10198324542436,1.2041168317419,1.05923379914992,1.10839383078635,1.05922578212096,1.10937728687781,True,0,True,2.4302,11.1337,128.933,,,,,,
merge-relax-conformal-all-512,conformal,wave,user,all,512,0,50,1,0,1,1.10198324542436,1.2041168317419,1.05919450911808,1.10570921695976,1.0591923379054,1.10696550070463,True,0,True,2.4302,16.6419,127.7973,,,,,,
merge-relax-conformal-all-512,conformal,wave,user,all,512,1,50,1,0,1,1.10198324542436,1.2041168317419,1.05919450911808,1.10570921695976,1.0591923379054,1.10696550070463,True,0,True,2.4302,17.799,129.1448,,,,,,
merge-relax-conformal-all-512,conformal,wave,user,all,512,2,50,1,0,1,1.10198324542436,1.2041168317419,1.05919450911808,1.10570921695976,1.0591923379054,1.10696550070463,True,0,True,2.4302,16.1809,126.5952,,,,,,
merge-relax-conformal-all-512,conformal,wave,user,all,512,0,100,1,0,1,1.10198324542436,1.2041168317419,1.0587237393273,1.10296724279164,1.05872442537733,1.10321285473638,True,0,True,2.4302,28.3735,125.8459,,,,,,
merge-relax-conformal-all-512,conformal,wave,user,all,512,1,100,1,0,1,1.10198324542436,1.2041168317419,1.0587237393273,1.10296724279164,1.05872442537733,1.10321285473638,True,0,True,2.4302,28.0061,130.6365,,,,,,
merge-relax-conformal-all-512,conformal,wave,user,all,512,2,100,1,0,1,1.10198324542436,1.2041168317419,1.0587237393273,1.10296724279164,1.05872442537733,1.10321285473638,True,0,True,2.4302,27.787,127.8075,,,,,,
merge-relax-conformal-all-512,conformal,cylinder,user,all,512,0,0,4,0,0,1.25962709579655,1.27537776988289,1.25962709579655,1.27537776988289,1.25883493915273,1.27934321802813,True,0,True,0.9149,0.0002,148.2699,,,,,,
merge-relax-conformal-all-512,conformal,cylinder,user,all,512,1,0,4,0,0,1.25962709579655,1.27537776988289,1.25962709579655,1.27537776988289,1.25883493915273,1.27934321802813,True,0,True,0.9149,0.0002,148.2839,,,,,,
merge-relax-conformal-all-512,conformal,cylinder,user,all,512,2,0,4,0,0,1.25962709579655,1.27537776988289,1.25962709579655,1.27537776988289,1.25883493915273,1.27934321802813,True,0,True,0.9149,0.0001,149.3081,,,,,,
merge-relax-conformal-all-512,conformal,cylinder,user,all,512,0,5,4,0,4,1.25962709579655,1.27537776988289,1.02446765036943,1.17940754198704,1.0245622441242,1.18060071185068,True,0,True,0.9149,1.31,475.3597,,,,,,
merge-relax-conformal-all-512,conformal,cylinder,user,all,512,1,5,4,0,4,1.25962709579655,1.27537776988289,1.02446765036943,1.17940754198704,1.0245622441242,1.18060071185068,True,0,True,0.9149,1.3154,472.8333,,,,,,
merge-relax-conformal-all-512,conformal,cylinder,user,all,512,2,5,4,0,4,1.25962709579655,1.27537776988289,1.02446765036943,1.17940754198704,1.0245622441242,1.18060071185068,True,0,True,0.9149,2.0435,476.5136,,,,,,
merge-relax-conformal-all-512,conformal,cylinder,user,all,512,0,15,4,0,4,1.25962709579655,1.27537776988289,1.01078867001024,1.06842558926857,1.01101834425893,1.06876567963863,True,0,True,0.9149,3.7542,476.7041,,,,,,
merge-relax-conformal-all-512,conformal,cylinder,user,all,512,1,15,4,0,4,1.25962709579655,1.27537776988289,1.01078867001024,1.06842558926857,1.01101834425893,1.06876567963863,True,0,True,0.9149,2.3132,472.5045,,,,,,
merge-relax-conformal-all-512,conformal,cylinder,user,all,512,2,15,4,0,4,1.25962709579655,1.27537776988289,1.01078867001024,1.06842558926857,1.01101834425893,1.06876567963863,True,0,True,0.9149,3.0676,473.1311,,,,,,
merge-relax-conformal-all-512,conformal,cylinder,user,all,512,0,30,4,0,4,1.25962709579655,1.27537776988289,1.00771074542327,1.04852764428858,1.00843934787402,1.04830607112502,True,0,True,0.9149,4.4018,660.9932,,,,,,
merge-relax-conformal-all-512,conformal,cylinder,user,all,512,1,30,4,0,4,1.25962709579655,1.27537776988289,1.00771074542327,1.04852764428858,1.00843934787402,1.04830607112502,True,0,True,0.9149,4.4486,661.0744,,,,,,
merge-relax-conformal-all-512,conformal,cylinder,user,all,512,2,30,4,0,4,1.25962709579655,1.27537776988289,1.00771074542327,1.04852764428858,1.00843934787402,1.04830607112502,True,0,True,0.9149,4.6049,661.9383,,,,,,
merge-relax-conformal-all-512,conformal,cylinder,user,all,512,0,50,4,0,4,1.25962709579655,1.27537776988289,1.00654678529792,1.04223356759601,1.00709554849142,1.04558104408844,True,0,True,0.9149,5.2981,673.2377,,,,,,
merge-relax-conformal-all-512,conformal,cylinder,user,all,512,1,50,4,0,4,1.25962709579655,1.27537776988289,1.00654678529792,1.04223356759601,1.00709554849142,1.04558104408844,True,0,True,0.9149,5.3089,664.9406,,,,,,
merge-relax-conformal-all-512,conformal,cylinder,user,all,512,2,50,4,0,4,1.25962709579655,1.27537776988289,1.00654678529792,1.04223356759601,1.00709554849142,1.04558104408844,True,0,True,0.9149,5.6804,676.0478,,,,,,
merge-relax-conformal-all-512,conformal,cylinder,user,all,512,0,100,4,0,4,1.25962709579655,1.27537776988289,1.00421354210918,1.024824554461,1.00444589158018,1.02509902175034,True,0,True,0.9149,7.3942,646.2448,,,,,,
merge-relax-conformal-all-512,conformal,cylinder,user,all,512,1,100,4,0,4,1.25962709579655,1.27537776988289,1.00421354210918,1.024824554461,1.00444589158018,1.02509902175034,True,0,True,0.9149,8.0472,646.233,,,,,,
merge-relax-conformal-all-512,conformal,cylinder,user,all,512,2,100,4,0,4,1.25962709579655,1.27537776988289,1.00421354210918,1.024824554461,1.00444589158018,1.02509902175034,True,0,True,0.9149,7.414,650.7279,,,,,,
merge-relax-conformal-all-512,conformal,torus,user,all,512,0,0,5,0,0,1.51912851206262,2.31138043609513,1.51912851206262,2.31138043609513,1.52616542572416,2.31315720100245,True,0,True,3.7637,0.0001,424.7381,,,,,,
merge-relax-conformal-all-512,conformal,torus,user,all,512,1,0,5,0,0,1.51912851206262,2.31138043609513,1.51912851206262,2.31138043609513,1.52616542572416,2.31315720100245,True,0,True,3.7637,0.0002,422.3057,,,,,,
merge-relax-conformal-all-512,conformal,torus,user,all,512,2,0,5,0,0,1.51912851206262,2.31138043609513,1.51912851206262,2.31138043609513,1.52616542572416,2.31315720100245,True,0,True,3.7637,0.0001,422.3285,,,,,,
merge-relax-conformal-all-512,conformal,torus,user,all,512,0,5,5,0,5,1.51912851206262,2.31138043609513,1.13563833895153,1.76967053396902,1.13745458842063,1.77325275104556,True,0,True,3.7637,3.3648,132.452,,,,,,
merge-relax-conformal-all-512,conformal,torus,user,all,512,1,5,5,0,5,1.51912851206262,2.31138043609513,1.13563833895153,1.76967053396902,1.13745458842063,1.77325275104556,True,0,True,3.7637,4.0125,130.7666,,,,,,
merge-relax-conformal-all-512,conformal,torus,user,all,512,2,5,5,0,5,1.51912851206262,2.31138043609513,1.13563833895153,1.76967053396902,1.13745458842063,1.77325275104556,True,0,True,3.7637,3.7873,130.7948,,,,,,
merge-relax-conformal-all-512,conformal,torus,user,all,512,0,15,5,0,5,1.51912851206262,2.31138043609513,1.05709032349144,1.27067918843535,1.05793757873164,1.27001005471454,True,0,True,3.7637,6.9981,128.1074,,,,,,
merge-relax-conformal-all-512,conformal,torus,user,all,512,1,15,5,0,5,1.51912851206262,2.31138043609513,1.05709032349144,1.27067918843535,1.05793757873164,1.27001005471454,True,0,True,3.7637,6.9969,129.3424,,,,,,
merge-relax-conformal-all-512,conformal,torus,user,all,512,2,15,5,0,5,1.51912851206262,2.31138043609513,1.05709032349144,1.27067918843535,1.05793757873164,1.27001005471454,True,0,True,3.7637,7.5803,128.8194,,,,,,
merge-relax-conformal-all-512,conformal,torus,user,all,512,0,30,5,0,5,1.51912851206262,2.31138043609513,1.053795922044,1.26012251617842,1.05426230234302,1.25784634947721,True,0,True,3.7637,10.956,136.1535,,,,,,
merge-relax-conformal-all-512,conformal,torus,user,all,512,1,30,5,0,5,1.51912851206262,2.31138043609513,1.053795922044,1.26012251617842,1.05426230234302,1.25784634947721,True,0,True,3.7637,11.4693,132.2144,,,,,,
merge-relax-conformal-all-512,conformal,torus,user,all,512,2,30,5,0,5,1.51912851206262,2.31138043609513,1.053795922044,1.26012251617842,1.05426230234302,1.25784634947721,True,0,True,3.7637,11.4546,133.2664,,,,,,
merge-relax-conformal-all-512,conformal,torus,user,all,512,0,50,5,0,5,1.51912851206262,2.31138043609513,1.04861109459455,1.21070361670112,1.04880743851122,1.21016618464348,True,0,True,3.7637,14.9557,157.8638,,,,,,
merge-relax-conformal-all-512,conformal,torus,user,all,512,1,50,5,0,5,1.51912851206262,2.31138043609513,1.04861109459455,1.21070361670112,1.04880743851122,1.21016618464348,True,0,True,3.7637,14.9755,161.6944,,,,,,
merge-relax-conformal-all-512,conformal,torus,user,all,512,2,50,5,0,5,1.51912851206262,2.31138043609513,1.04861109459455,1.21070361670112,1.04880743851122,1.21016618464348,True,0,True,3.7637,15.2754,159.7869,,,,,,
merge-relax-conformal-all-512,conformal,torus,user,all,512,0,100,5,0,5,1.51912851206262,2.31138043609513,1.03454392334172,1.15167194122975,1.03490336097488,1.15480942494603,True,0,True,3.7637,27.2111,135.865,,,,,,
merge-relax-conformal-all-512,conformal,torus,user,all,512,1,100,5,0,5,1.51912851206262,2.31138043609513,1.03454392334172,1.15167194122975,1.03490336097488,1.15480942494603,True,0,True,3.7637,29.1155,141.3338,,,,,,
merge-relax-conformal-all-512,conformal,torus,user,all,512,2,100,5,0,5,1.51912851206262,2.31138043609513,1.03454392334172,1.15167194122975,1.03490336097488,1.15480942494603,True,0,True,3.7637,27.9663,138.3365,,,,,,
merge-relax-conformal-all-512,conformal,cube,user,all,512,0,0,2,2,0,1.50537646201323,1.50537660537586,1.50537646201323,1.50537660537586,1.50555234627202,1.50686693820564,True,0,True,0.1547,0.0002,67.1706,,,,,,
merge-relax-conformal-all-512,conformal,cube,user,all,512,1,0,2,2,0,1.50537646201323,1.50537660537586,1.50537646201323,1.50537660537586,1.50555234627202,1.50686693820564,True,0,True,0.1547,0.0001,68.1112,,,,,,
merge-relax-conformal-all-512,conformal,cube,user,all,512,2,0,2,2,0,1.50537646201323,1.50537660537586,1.50537646201323,1.50537660537586,1.50555234627202,1.50686693820564,True,0,True,0.1547,0.0002,66.7767,,,,,,
merge-relax-conformal-all-512,conformal,cube,user,all,512,0,5,2,2,2,1.50537646201323,1.50537660537586,1.00115622634858,1.00190060709075,1.0027403689656,1.00396805138652,True,0,True,0.1547,0.1158,68.3659,,,,,,
merge-relax-conformal-all-512,conformal,cube,user,all,512,1,5,2,2,2,1.50537646201323,1.50537660537586,1.00115622634858,1.00190060709075,1.0027403689656,1.00396805138652,True,0,True,0.1547,0.1132,66.9309,,,,,,
merge-relax-conformal-all-512,conformal,cube,user,all,512,2,5,2,2,2,1.50537646201323,1.50537660537586,1.00115622634858,1.00190060709075,1.0027403689656,1.00396805138652,True,0,True,0.1547,0.11,67.3029,,,,,,
merge-relax-conformal-all-512,conformal,cube,user,all,512,0,15,2,2,2,1.50537646201323,1.50537660537586,1.00000648376918,1.00001226404314,1.00305800655165,1.00322128569396,True,0,True,0.1547,0.1449,66.983,,,,,,
merge-relax-conformal-all-512,conformal,cube,user,all,512,1,15,2,2,2,1.50537646201323,1.50537660537586,1.00000648376918,1.00001226404314,1.00305800655165,1.00322128569396,True,0,True,0.1547,0.1429,67.4085,,,,,,
merge-relax-conformal-all-512,conformal,cube,user,all,512,2,15,2,2,2,1.50537646201323,1.50537660537586,1.00000648376918,1.00001226404314,1.00305800655165,1.00322128569396,True,0,True,0.1547,0.1414,68.7013,,,,,,
merge-relax-conformal-all-512,conformal,cube,user,all,512,0,30,2,2,2,1.50537646201323,1.50537660537586,1.00000648376918,1.00001226404314,1.00305800655165,1.00322128569396,True,0,True,0.1547,0.1615,68.2441,,,,,,
merge-relax-conformal-all-512,conformal,cube,user,all,512,1,30,2,2,2,1.50537646201323,1.50537660537586,1.00000648376918,1.00001226404314,1.00305800655165,1.00322128569396,True,0,True,0.1547,0.1516,67.8766,,,,,,
merge-relax-conformal-all-512,conformal,cube,user,all,512,2,30,2,2,2,1.50537646201323,1.50537660537586,1.00000648376918,1.00001226404314,1.00305800655165,1.00322128569396,True,0,True,0.1547,0.1526,76.4114,,,,,,
merge-relax-conformal-all-512,conformal,cube,user,all,512,0,50,2,2,2,1.50537646201323,1.50537660537586,1.00000648376918,1.00001226404314,1.00305800655165,1.00322128569396,True,0,True,0.1547,0.1459,67.491,,,,,,
merge-relax-conformal-all-512,conformal,cube,user,all,512,1,50,2,2,2,1.50537646201323,1.50537660537586,1.00000648376918,1.00001226404314,1.00305800655165,1.00322128569396,True,0,True,0.1547,0.1492,68.1772,,,,,,
merge-relax-conformal-all-512,conformal,cube,user,all,512,2,50,2,2,2,1.50537646201323,1.50537660537586,1.00000648376918,1.00001226404314,1.00305800655165,1.00322128569396,True,0,True,0.1547,0.1534,66.8761,,,,,,
merge-relax-conformal-all-512,conformal,cube,user,all,512,0,100,2,2,2,1.50537646201323,1.50537660537586,1.00000648376918,1.00001226404314,1.00305800655165,1.00322128569396,True,0,True,0.1547,0.1523,67.2108,,,,,,
merge-relax-conformal-all-512,conformal,cube,user,all,512,1,100,2,2,2,1.50537646201323,1.50537660537586,1.00000648376918,1.00001226404314,1.00305800655165,1.00322128569396,True,0,True,0.1547,0.1463,66.7113,,,,,,
merge-relax-conformal-all-512,conformal,cube,user,all,512,2,100,2,2,2,1.50537646201323,1.50537660537586,1.00000648376918,1.00001226404314,1.00305800655165,1.00322128569396,True,0,True,0.1547,0.146,67.9829,,,,,,
merge-relax-conformal-before-512,conformal,bust,recommended,before,512,0,0,30,13,0,1.04458499180847,3.54756856154658,1.04458499180847,3.54756856154658,1.04478895352014,3.54219045740165,True,0,True,161.806,0.0008,131.7882,,,,,,
merge-relax-conformal-before-512,conformal,bust,recommended,before,512,1,0,30,13,0,1.04458499180847,3.54756856154658,1.04458499180847,3.54756856154658,1.04478895352014,3.54219045740165,True,0,True,161.806,0.0002,126.3376,,,,,,
merge-relax-conformal-before-512,conformal,bust,recommended,before,512,2,0,30,13,0,1.04458499180847,3.54756856154658,1.04458499180847,3.54756856154658,1.04478895352014,3.54219045740165,True,0,True,161.806,0.0001,121.5428,,,,,,
merge-relax-conformal-before-512,conformal,bust,recommended,before,512,0,50,30,13,9,1.04458499180847,3.54756856154658,1.03569366679978,1.59492032918549,1.03579515829401,1.59486065988203,True,0,True,161.806,24.6218,124.8768,,,,,,
merge-relax-conformal-before-512,conformal,bust,recommended,before,512,1,50,30,13,9,1.04458499180847,3.54756856154658,1.03569366679978,1.59492032918549,1.03579515829401,1.59486065988203,True,0,True,161.806,24.8397,125.667,,,,,,
merge-relax-conformal-before-512,conformal,bust,recommended,before,512,2,50,30,13,9,1.04458499180847,3.54756856154658,1.03569366679978,1.59492032918549,1.03579515829401,1.59486065988203,True,0,True,161.806,25.4413,125.0999,,,,,,
merge-relax-conformal-before-512,conformal,bust,user,before,512,0,0,33,16,0,1.0597687375602,3.35428550112382,1.0597687375602,3.35428550112382,1.06315469212119,3.36199633635175,True,0,True,138.3906,0,160.7295,,,,,,
merge-relax-conformal-before-512,conformal,bust,user,before,512,1,0,33,16,0,1.0597687375602,3.35428550112382,1.0597687375602,3.35428550112382,1.06315469212119,3.36199633635175,True,0,True,138.3906,0.0001,159.4278,,,,,,
merge-relax-conformal-before-512,conformal,bust,user,before,512,2,0,33,16,0,1.0597687375602,3.35428550112382,1.0597687375602,3.35428550112382,1.06315469212119,3.36199633635175,True,0,True,138.3906,0.0002,163.2074,,,,,,
merge-relax-conformal-before-512,conformal,bust,user,before,512,0,50,33,16,12,1.0597687375602,3.35428550112382,1.04576262578067,1.64251430935074,1.04943867202311,1.72352230389525,True,0,True,138.3906,25.5685,147.0593,,,,,,
merge-relax-conformal-before-512,conformal,bust,user,before,512,1,50,33,16,12,1.0597687375602,3.35428550112382,1.04576262578067,1.64251430935074,1.04943867202311,1.72352230389525,True,0,True,138.3906,26.101,143.5999,,,,,,
merge-relax-conformal-before-512,conformal,bust,user,before,512,2,50,33,16,12,1.0597687375602,3.35428550112382,1.04576262578067,1.64251430935074,1.04943867202311,1.72352230389525,True,0,True,138.3906,26.6232,145.6182,,,,,,
merge-relax-conformal-merged-512,conformal,bust,recommended,merged,512,0,0,28,14,0,1.10776398905653,3.7604735312533,1.10776398905653,3.7604735312533,1.10771889327813,3.75915935603035,True,0,True,128.1577,0.0009,151.5444,,,,,,
merge-relax-conformal-merged-512,conformal,bust,recommended,merged,512,1,0,28,14,0,1.10776398905653,3.7604735312533,1.10776398905653,3.7604735312533,1.10771889327813,3.75915935603035,True,0,True,128.1577,0.0003,138.4903,,,,,,
merge-relax-conformal-merged-512,conformal,bust,recommended,merged,512,2,0,28,14,0,1.10776398905653,3.7604735312533,1.10776398905653,3.7604735312533,1.10771889327813,3.75915935603035,True,0,True,128.1577,0.0002,137.0198,,,,,,
merge-relax-conformal-merged-512,conformal,bust,recommended,merged,512,0,50,28,14,13,1.10776398905653,3.7604735312533,1.05260289871129,1.66442710062484,1.05276358261285,1.66454211508792,True,0,True,128.1577,48.4004,141.2618,,,,,,
merge-relax-conformal-merged-512,conformal,bust,recommended,merged,512,1,50,28,14,13,1.10776398905653,3.7604735312533,1.05260289871129,1.66442710062484,1.05276358261285,1.66454211508792,True,0,True,128.1577,38.2151,140.4006,,,,,,
merge-relax-conformal-merged-512,conformal,bust,recommended,merged,512,2,50,28,14,13,1.10776398905653,3.7604735312533,1.05260289871129,1.66442710062484,1.05276358261285,1.66454211508792,True,0,True,128.1577,38.2604,139.704,,,,,,
merge-relax-conformal-merged-512,conformal,bust,user,merged,512,0,0,36,19,0,1.19156799147179,3.19792101618892,1.19156799147179,3.19792101618892,1.18991978974244,3.19395923035746,True,0,True,128.1423,0.0002,425.226,,,,,,
merge-relax-conformal-merged-512,conformal,bust,user,merged,512,1,0,36,19,0,1.19156799147179,3.19792101618892,1.19156799147179,3.19792101618892,1.18991978974244,3.19395923035746,True,0,True,128.1423,0.0003,422.7099,,,,,,
merge-relax-conformal-merged-512,conformal,bust,user,merged,512,2,0,36,19,0,1.19156799147179,3.19792101618892,1.19156799147179,3.19792101618892,1.18991978974244,3.19395923035746,True,0,True,128.1423,0.0002,423.5032,,,,,,
merge-relax-conformal-merged-512,conformal,bust,user,merged,512,0,50,36,19,17,1.19156799147179,3.19792101618892,1.0650157016686,1.99325267492741,1.06494178741333,2.8325065759961,True,0,True,128.1423,40.2487,373.0812,,,,,,
merge-relax-conformal-merged-512,conformal,bust,user,merged,512,1,50,36,19,17,1.19156799147179,3.19792101618892,1.0650157016686,1.99325267492741,1.06494178741333,2.8325065759961,True,0,True,128.1423,40.2665,370.4254,,,,,,
merge-relax-conformal-merged-512,conformal,bust,user,merged,512,2,50,36,19,17,1.19156799147179,3.19792101618892,1.0650157016686,1.99325267492741,1.06494178741333,2.8325065759961,True,0,True,128.1423,40.749,368.7707,,,,,,
merge-relax-production-2048,conformal,bust,recommended,,2048,0,,29,13,,,,,,1.03196784665714,1.67871018574955,True,0,True,,,,,0,0,0,True,11176.7527
merge-relax-production-2048,conformal,bust,recommended,,2048,1,,29,13,,,,,,1.03196784665714,1.67871018574955,True,0,True,,,,,0,0,0,True,11121.3782
merge-relax-production-2048,conformal,bust,recommended,,2048,2,,29,13,,,,,,1.03196784665714,1.67871018574955,True,0,True,,,,,0,0,0,True,11067.6132
merge-relax-production-2048,conformal,wave,recommended,,2048,0,,1,0,,,,,,1.062640985648,1.13747965763585,True,0,True,,,,,0,0,0,True,131.6165
merge-relax-production-2048,conformal,wave,recommended,,2048,1,,1,0,,,,,,1.062640985648,1.13747965763585,True,0,True,,,,,0,0,0,True,133.3466
merge-relax-production-2048,conformal,wave,recommended,,2048,2,,1,0,,,,,,1.062640985648,1.13747965763585,True,0,True,,,,,0,0,0,True,129.876
merge-relax-production-2048,conformal,cylinder,recommended,,2048,0,,4,0,,,,,,1.00567860238926,1.0251425116416,True,0,True,,,,,0,0,0,True,3683.8517
merge-relax-production-2048,conformal,cylinder,recommended,,2048,1,,4,0,,,,,,1.00567860238926,1.0251425116416,True,0,True,,,,,0,0,0,True,3688.771
merge-relax-production-2048,conformal,cylinder,recommended,,2048,2,,4,0,,,,,,1.00567860238926,1.0251425116416,True,0,True,,,,,0,0,0,True,3715.7362
merge-relax-production-2048,conformal,torus,recommended,,2048,0,,6,0,,,,,,1.02636896867609,1.07685081408553,True,0,True,,,,,0,0,0,True,3843.0104
merge-relax-production-2048,conformal,torus,recommended,,2048,1,,6,0,,,,,,1.02636896867609,1.07685081408553,True,0,True,,,,,0,0,0,True,3839.6431
merge-relax-production-2048,conformal,torus,recommended,,2048,2,,6,0,,,,,,1.02636896867609,1.07685081408553,True,0,True,,,,,0,0,0,True,3835.7179
merge-relax-production-2048,conformal,cube,recommended,,2048,0,,2,2,,,,,,1.00016034863823,1.0003207452741,True,0,True,,,,,0,0,0,True,2300.2472
merge-relax-production-2048,conformal,cube,recommended,,2048,1,,2,2,,,,,,1.00016034863823,1.0003207452741,True,0,True,,,,,0,0,0,True,2289.8774
merge-relax-production-2048,conformal,cube,recommended,,2048,2,,2,2,,,,,,1.00016034863823,1.0003207452741,True,0,True,,,,,0,0,0,True,2294.2227
merge-relax-production-512,conformal,bust,recommended,,512,0,,28,14,,,,,,1.0522105389575,1.66454211508792,True,0,True,,,,,0,0,0,True,547.3288
merge-relax-production-512,conformal,bust,recommended,,512,1,,28,14,,,,,,1.0522105389575,1.66454211508792,True,0,True,,,,,0,0,0,True,513.5953
merge-relax-production-512,conformal,bust,recommended,,512,2,,28,14,,,,,,1.0522105389575,1.66454211508792,True,0,True,,,,,0,0,0,True,511.146
merge-relax-production-512,conformal,bust,recommended,,512,3,,28,14,,,,,,1.0522105389575,1.66454211508792,True,0,True,,,,,0,0,0,True,509.3797
merge-relax-production-512,conformal,bust,recommended,,512,4,,28,14,,,,,,1.0522105389575,1.66454211508792,True,0,True,,,,,0,0,0,True,507.5478
merge-relax-production-512,conformal,bust,recommended,,512,5,,28,14,,,,,,1.0522105389575,1.66454211508792,True,0,True,,,,,0,0,0,True,516.0138
merge-relax-production-512,conformal,bust,recommended,,512,6,,28,14,,,,,,1.0522105389575,1.66454211508792,True,0,True,,,,,0,0,0,True,507.7604
merge-relax-production-512,conformal,bust,recommended,,512,7,,28,14,,,,,,1.0522105389575,1.66454211508792,True,0,True,,,,,0,0,0,True,516.4234
merge-relax-production-512,conformal,bust,recommended,,512,8,,28,14,,,,,,1.0522105389575,1.66454211508792,True,0,True,,,,,0,0,0,True,517.7567
merge-relax-production-512,conformal,bust,recommended,,512,9,,28,14,,,,,,1.0522105389575,1.66454211508792,True,0,True,,,,,0,0,0,True,508.9163
merge-relax-production-512,conformal,wave,recommended,,512,0,,1,0,,,,,,1.06263177357563,1.13743918025569,True,0,True,,,,,0,0,0,True,26.0845
merge-relax-production-512,conformal,wave,recommended,,512,1,,1,0,,,,,,1.06263177357563,1.13743918025569,True,0,True,,,,,0,0,0,True,29.7483
merge-relax-production-512,conformal,wave,recommended,,512,2,,1,0,,,,,,1.06263177357563,1.13743918025569,True,0,True,,,,,0,0,0,True,28.0925
merge-relax-production-512,conformal,cylinder,recommended,,512,0,,4,0,,,,,,1.0017847893986,1.01158460388087,True,0,True,,,,,0,0,0,True,106.9678
merge-relax-production-512,conformal,cylinder,recommended,,512,1,,4,0,,,,,,1.0017847893986,1.01158460388087,True,0,True,,,,,0,0,0,True,104.9848
merge-relax-production-512,conformal,cylinder,recommended,,512,2,,4,0,,,,,,1.0017847893986,1.01158460388087,True,0,True,,,,,0,0,0,True,108.4969
merge-relax-production-512,conformal,torus,recommended,,512,0,,6,0,,,,,,1.025455736243,1.08166799157108,True,0,True,,,,,0,0,0,True,154.0027
merge-relax-production-512,conformal,torus,recommended,,512,1,,6,0,,,,,,1.025455736243,1.08166799157108,True,0,True,,,,,0,0,0,True,151.1448
merge-relax-production-512,conformal,torus,recommended,,512,2,,6,0,,,,,,1.025455736243,1.08166799157108,True,0,True,,,,,0,0,0,True,157.0707
merge-relax-production-512,conformal,cube,recommended,,512,0,,2,2,,,,,,1.00102214101107,1.00109001382916,True,0,True,,,,,0,0,0,True,38.0931
merge-relax-production-512,conformal,cube,recommended,,512,1,,2,2,,,,,,1.00102214101107,1.00109001382916,True,0,True,,,,,0,0,0,True,37.6703
merge-relax-production-512,conformal,cube,recommended,,512,2,,2,2,,,,,,1.00102214101107,1.00109001382916,True,0,True,,,,,0,0,0,True,38.1262
merge-relax-production-512,conformal,bust,user,,512,0,,36,19,,,,,,1.06325095969336,1.65893536381433,True,0,True,,,,,0,0,0,True,2365.7347
merge-relax-production-512,conformal,bust,user,,512,1,,36,19,,,,,,1.06325095969336,1.65893536381433,True,0,True,,,,,0,0,0,True,2361.5004
merge-relax-production-512,conformal,bust,user,,512,2,,36,19,,,,,,1.06325095969336,1.65893536381433,True,0,True,,,,,0,0,0,True,2362.6984
merge-relax-production-512,conformal,bust,user,,512,3,,36,19,,,,,,1.06325095969336,1.65893536381433,True,0,True,,,,,0,0,0,True,2357.7414
merge-relax-production-512,conformal,bust,user,,512,4,,36,19,,,,,,1.06325095969336,1.65893536381433,True,0,True,,,,,0,0,0,True,2370.0253
merge-relax-production-512,conformal,bust,user,,512,5,,36,19,,,,,,1.06325095969336,1.65893536381433,True,0,True,,,,,0,0,0,True,2359.2787
merge-relax-production-512,conformal,bust,user,,512,6,,36,19,,,,,,1.06325095969336,1.65893536381433,True,0,True,,,,,0,0,0,True,2356.4382
merge-relax-production-512,conformal,bust,user,,512,7,,36,19,,,,,,1.06325095969336,1.65893536381433,True,0,True,,,,,0,0,0,True,2381.307
merge-relax-production-512,conformal,bust,user,,512,8,,36,19,,,,,,1.06325095969336,1.65893536381433,True,0,True,,,,,0,0,0,True,2375.9541
merge-relax-production-512,conformal,bust,user,,512,9,,36,19,,,,,,1.06325095969336,1.65893536381433,True,0,True,,,,,0,0,0,True,2387.6436
merge-relax-production-512,conformal,wave,user,,512,0,,1,0,,,,,,1.10198324542436,1.2041168317419,True,0,True,,,,,0,0,0,True,296.7848
merge-relax-production-512,conformal,wave,user,,512,1,,1,0,,,,,,1.10198324542436,1.2041168317419,True,0,True,,,,,0,0,0,True,283.1276
merge-relax-production-512,conformal,wave,user,,512,2,,1,0,,,,,,1.10198324542436,1.2041168317419,True,0,True,,,,,0,0,0,True,294.4376
merge-relax-production-512,conformal,cylinder,user,,512,0,,4,0,,,,,,1.00709554849142,1.04558104408844,True,0,True,,,,,0,0,0,True,719.4587
merge-relax-production-512,conformal,cylinder,user,,512,1,,4,0,,,,,,1.00709554849142,1.04558104408844,True,0,True,,,,,0,0,0,True,721.0476
merge-relax-production-512,conformal,cylinder,user,,512,2,,4,0,,,,,,1.00709554849142,1.04558104408844,True,0,True,,,,,0,0,0,True,718.8857
merge-relax-production-512,conformal,torus,user,,512,0,,5,0,,,,,,1.04880743851122,1.21016618464348,True,0,True,,,,,0,0,0,True,326.7674
merge-relax-production-512,conformal,torus,user,,512,1,,5,0,,,,,,1.04880743851122,1.21016618464348,True,0,True,,,,,0,0,0,True,321.8418
merge-relax-production-512,conformal,torus,user,,512,2,,5,0,,,,,,1.04880743851122,1.21016618464348,True,0,True,,,,,0,0,0,True,324.9309
merge-relax-production-512,conformal,cube,user,,512,0,,2,2,,,,,,1.00305800655165,1.00322128569396,True,0,True,,,,,0,0,0,True,83.3579
merge-relax-production-512,conformal,cube,user,,512,1,,2,2,,,,,,1.00305800655165,1.00322128569396,True,0,True,,,,,0,0,0,True,83.7806
merge-relax-production-512,conformal,cube,user,,512,2,,2,2,,,,,,1.00305800655165,1.00322128569396,True,0,True,,,,,0,0,0,True,83.5917
