method,file,faces,charts,small,filledArea,chartDensityCV,meanStretch,worstStretch,overlapPairs,sameChartPairs,pairAreaSum,mixedWindingFaces,zeroAreaFaces,outOfBoundsVertices,captureSha256
artist-v1,reference.bin,1856,18,3,0.6914254166932976,0.11782348043445803,1.0809551013286518,5.698659166590238,0,0,0.0,0,0,0,05adf0517edb4d07b106f0ec858325935ac4c5209de2675a9b0a644aa742a042
artist-v2,reference.bin,1856,23,5,0.6435440530761802,0.11804961950256414,1.0618353446501871,2.234108640216676,16,16,0.0002097142724039803,0,0,0,66f9dd9d650881c7cd924f717ab27e796b7be25a8767a4ad9882eb3c0beef785
xatlas,auto-plain.bin,1856,76,41,0.5583852456251143,0.008139079584541097,1.033199388328207,12.886775295104627,0,0,0.0,0,0,0,9bf05fcc41fa009e39a6c475f10afc99cb0e9d789d7a4177cbddea4b915e7c87
merge,auto-merge.bin,1856,22,10,0.5463314845206657,0.0007688910016862726,1.0415524649215493,2.0581647928624984,0,0,0.0,0,0,0,9bf3f702ed997e849521c9f9b132017dd553ae1af5a41ed136bb84d03cc658e7
PartUV-abf-1.1,PartUV-abf-1.1.bin,1856,64,13,0.5595024355793752,0.004788224257223072,1.0699541321366441,2.392711240337347,0,0,0.0,0,0,0,b68a421e38e1003917aa35d1e3ecfe0e557491bdeb76c29cddc11bc4abbdf441
PartUV-abf-1.25,PartUV-abf-1.25.bin,1856,24,1,0.5946778613264461,0.0030204508213087893,1.0864683811143478,3.347294253090999,0,0,0.0,0,0,0,d8ad7427c8802e68e1d4fb02fb783f6ff071c77a03863813908c7b198773dcb7
PartUV-abf-1.5,PartUV-abf-1.5.bin,1856,5,0,0.4533194382568572,0.0009624615226496953,1.2413989934057224,8.466347304714503,0,0,0.0,0,0,0,a9fa8477cd6d1d092fce02857c582074ab221209a22c0d4448605a6fecf64c4c
OptCuts,optcuts-raw.bin,1856,1,0,0.5994099772561626,0.0,1.4364004596906041,10.241007125630192,0,0,0.0,0,0,0,2f5fca2682a25ce88f4a0185de002cb77bf3e058a62a2b8ae409dcf41b5144a2
piecewise-OptCuts,piecewise-optcuts.bin,1856,12,6,0.6067824340075489,0.003261436771407821,1.259953008141066,7.400896404096388,0,0,0.0,0,0,0,5878764146a546fbdfe28d96eec4e852c0b86599f5f86881403b10e3da308e35
region-planes-20-0.01-0.02-cost4-iter4-round0.01,region-planes-20-0.01-0.02-cost4-iter4-round0.01.bin,1856,93,55,0.49767674627165437,0.008283650830106662,1.0278574172056458,3.08926106170893,0,0,0.0,0,0,0,6018dbd273cad1bfcf30008bf0a4b37a2841bf97a4507d81779f2241860e8646
