method,reference,precision,recall,f1,missingLength,extraLength,nearPrecision0_25,nearRecall0_25,nearPrecision1_0,nearRecall1_0,hardRecall,hardEdgesMissed,cutLength,cutEdges,components,endpoints,junctions
artist-v1,artist-v1,1.0,1.0,1.0,0.0,0.0,1.0,1.0,1.0,1.0,0.9945331744460113,2,7.612206508308164,204,1,2,25
artist-v1,artist-v2,0.9437214736240895,0.7724811095037775,0.8495582260213407,2.1158456946688053,0.4284037647566979,0.9605732719326765,0.7877549201388705,0.9985464294325441,0.8294486201427262,0.9945331744460113,2,7.612206508308164,204,1,2,25
artist-v1,artist-shared,0.9437214736240895,1.0,0.9710459923710271,0.0,0.4284037647566979,0.9478348011955435,1.0,0.9598615233104313,1.0,0.9945331744460113,2,7.612206508308164,204,1,2,25
artist-v2,artist-v1,0.7724811095037775,0.9437214736240895,0.8495582260213407,0.4284037647566979,2.1158456946688053,0.7877549201388705,0.9605732719326765,0.8294486201427262,0.9985464294325441,0.9416361579091785,8,9.29964843822027,270,1,8,41
artist-v2,artist-v2,1.0,1.0,1.0,0.0,0.0,1.0,1.0,1.0,1.0,0.9416361579091785,8,9.29964843822027,270,1,8,41
artist-v2,artist-shared,0.7724811095037775,1.0,0.871638186000234,0.0,2.1158456946688053,0.7782153365634183,1.0,0.7947560064334673,1.0,0.9416361579091785,8,9.29964843822027,270,1,8,41
artist-shared,artist-v1,1.0,0.9437214736240895,0.9710459923710271,0.4284037647566979,0.0,1.0,0.9478348011955435,1.0,0.9598615233104313,0.9416361579091785,8,7.183802743551466,193,4,10,23
artist-shared,artist-v2,1.0,0.7724811095037775,0.871638186000234,2.1158456946688053,0.0,1.0,0.7782153365634183,1.0,0.7947560064334673,0.9416361579091785,8,7.183802743551466,193,4,10,23
artist-shared,artist-shared,1.0,1.0,1.0,0.0,0.0,1.0,1.0,1.0,1.0,0.9416361579091785,8,7.183802743551466,193,4,10,23
xatlas,artist-v1,0.24497741662293313,0.5012368470385193,0.3291057646130166,3.7966881190776824,11.759461712316142,0.28457275510089214,0.5729592215319106,0.3994135209486514,0.7558045112459866,0.5254900079535963,58,15.574980101546622,523,4,0,120
xatlas,artist-v2,0.31318320483216927,0.5245168369325082,0.39219256485390297,4.421826254820636,10.697157918146985,0.36223197892583897,0.5898489897283062,0.51218763692545,0.7729323486362598,0.5254900079535963,58,15.574980101546622,523,4,0,120
xatlas,artist-shared,0.23783392567218425,0.5156403637533217,0.3255234416558293,3.4795440837344778,11.870721441729634,0.2714869099131821,0.5736159866460856,0.3758272558786021,0.7412419918598957,0.5254900079535963,58,15.574980101546622,523,4,0,120
merge,artist-v1,0.25394718967975954,0.3016764359168694,0.27576179112769483,5.31578317941856,6.746493553890282,0.30972809113499333,0.37561723028003147,0.47376071865825065,0.5891386128902958,0.3371297711819099,88,9.042916882779886,321,2,0,35
merge,artist-v2,0.3065003257945164,0.2980388978268943,0.3022103966593523,6.527991467515504,6.27125991207512,0.3694022328639724,0.36371410291272793,0.5616413691047629,0.5634141603323617,0.3371297711819099,88,9.042916882779886,321,2,0,35
merge,artist-shared,0.24164366739201623,0.3041792317359523,0.26932906339617924,4.998639144075354,6.857753283303776,0.2875398659291433,0.3660950377990225,0.4350806837910695,0.5651540864694901,0.3371297711819099,88,9.042916882779886,321,2,0,35
crease-60,artist-v1,0.4664954854937202,0.4838389752920221,0.47500897208971804,3.9291243116170795,4.212132893746622,0.4988164634939214,0.5256720911806891,0.5606976956298388,0.6181670756725504,0.5139759238899011,71,7.895215090437706,291,66,139,36
crease-60,artist-v2,0.5383604998456355,0.45705727164996857,0.4943885638164862,5.049176495743422,3.644743147960858,0.5781986631124443,0.4964481278306468,0.6707773950895681,0.6025826170781865,0.5139759238899011,71,7.895215090437706,291,66,139,36
crease-60,artist-shared,0.4653246183886022,0.5114057387435472,0.4872781489485036,3.509964794497607,4.221377141383847,0.4901976323800553,0.5441106293768931,0.5482803354365977,0.6273851917270952,0.5139759238899011,71,7.895215090437706,291,66,139,36
OptCuts,artist-v1,0.013183833506783918,0.002517820961018416,0.004228157283428428,7.593040335201945,1.4345971117802967,0.059381522262934666,0.010706512029096506,0.20388997443280865,0.03979402458601,0.0028928017457894384,162,1.4537632848865158,28,1,4,2
OptCuts,artist-v2,0.03392605285514481,0.005303474681820083,0.009172986455256755,9.250327988178343,1.404442834844587,0.07551435953388203,0.011063853997864616,0.20388997443280865,0.03297755589253574,0.0028928017457894384,162,1.4537632848865158,28,1,4,2
OptCuts,artist-shared,0.013183833506783918,0.002667970403756367,0.004437864334262025,7.164636570445246,1.4345971117802967,0.057076831224227895,0.010124954458350087,0.19006182820056808,0.03733583393571896,0.0028928017457894384,162,1.4537632848865158,28,1,4,2
piecewise-OptCuts,artist-v1,0.3496608365717316,0.363668047168425,0.3565269162818311,4.843890232788958,5.148830816678224,0.3894366810765057,0.3805939500254111,0.5412172587904072,0.4206339096154344,0.4178293762838211,128,7.917147092197429,91,1,1,16
piecewise-OptCuts,artist-v2,0.34939160296176663,0.29745046082154164,0.3213356060992656,6.533463724793322,5.15096237877048,0.38884733653387604,0.31167881157715943,0.5371011415628226,0.3448866608182154,0.4178293762838211,128,7.917147092197429,91,1,1,16
piecewise-OptCuts,artist-shared,0.32548743500763033,0.35871417849420223,0.34129401496547174,4.606870843934004,5.34021519257997,0.35534983950049015,0.3727292223613037,0.48356228687249697,0.40690981354648714,0.4178293762838211,128,7.917147092197429,91,1,1,16
PartUV-abf-1.1,artist-v1,0.13800782004702916,0.2979479300772371,0.18863907314337947,5.344165335837273,14.166108513380284,0.1777591137722373,0.3923276993619188,0.2847717348273178,0.6070569948853457,0.3143428944979238,112,16.434149685851175,489,1,19,119
PartUV-abf-1.1,artist-v2,0.1826099324556659,0.32270456071927733,0.23323715758012478,6.298609474120685,13.43311072175159,0.22970795193920399,0.41153545435799993,0.36785045744194556,0.6385036557148053,0.3143428944979238,112,16.434149685851175,489,1,19,119
PartUV-abf-1.1,artist-shared,0.13635648488565358,0.31193825376940904,0.18976267226769178,4.942899860304131,14.193246802603841,0.17067328891634825,0.39584805099351966,0.2683277566280023,0.5992276109522489,0.3143428944979238,112,16.434149685851175,489,1,19,119
PartUV-abf-1.25,artist-v1,0.1606105993622148,0.22634191921936375,0.18789339549912756,5.889245077723562,9.004608464717993,0.2182844783993916,0.3121048548107051,0.3636288510967067,0.5193644137408022,0.23719004725249476,126,10.727569895302594,288,2,8,45
PartUV-abf-1.25,artist-v2,0.1824021527208513,0.21040922733430364,0.19540725124979394,7.34291659585368,8.770838052936003,0.2548342521910126,0.3007390578575397,0.42627975320636413,0.5232911399934558,0.23719004725249476,126,10.727569895302594,288,2,8,45
PartUV-abf-1.25,artist-shared,0.1485711745660755,0.22186127827847973,0.17796599866695054,5.589995083966688,9.133762235717818,0.2016464092358982,0.3022178973249351,0.3330239834589747,0.4978300124735557,0.23719004725249476,126,10.727569895302594,288,2,8,45
PartUV-abf-1.5,artist-v1,0.18161208319129993,0.12000999832770745,0.14452035932061488,6.698665617975936,4.116635925435887,0.24532041022445453,0.16918338524073187,0.42125121060067094,0.2766564138181544,0.1378831688390414,143,5.030176815768112,100,1,2,7
PartUV-abf-1.5,artist-v2,0.19895487952397714,0.10761462962969517,0.13967765895636497,8.298870215854823,4.029398593402665,0.25752455925520407,0.14425763717559942,0.42442309963729047,0.23378177601498634,0.1378831688390414,143,5.030176815768112,100,1,2,7
PartUV-abf-1.5,artist-shared,0.16133138819535472,0.11296599273754052,0.13288468424474217,6.372277334995506,4.218651407212153,0.21725973439770346,0.1573021499217281,0.3667620248712066,0.25231287117130086,0.1378831688390414,143,5.030176815768112,100,1,2,7
