label,feature,direction,aucExploratory,lengthWeightedAucExploratory,positiveMedian,negativeMedian
hard,lowAngle,1,0.8473935157985408,0.8809274717800295,64.02499395796848,18.92912539064841
hard,length,1,0.5110913972328268,0.5652694358937997,0.025651046435586092,0.025850261309961608
hard,signedH_mean,-1,0.5897599146113388,0.5170198979129633,-12.870471159617106,6.9432956377665205
hard,signedH_maxAbs,1,0.6452812699690793,0.7165336704739385,88.84286499023438,59.95327377319336
hard,signedH_std,1,0.5407527216465406,0.6115508336430928,26.90359314647885,22.383271730427328
hard,signedH_sideDifference,1,0.6817540254152984,0.7318248346012337,9.223454952239983,3.366109848022461
hard,absH_mean,1,0.6196904192892236,0.6969356577921099,61.56361389160156,44.302968978881836
hard,absH_maxAbs,1,0.6284118598483696,0.6996063620358812,96.1139144897461,67.63131713867188
hard,absH_std,1,0.6101122832806285,0.6692544541507395,19.933993683596867,13.993384488985534
hard,absH_sideDifference,1,0.7288792972288476,0.7770612368721946,9.168510437011719,2.261963526407879
hard,cavity0.01_mean,1,0.5999466320867557,0.513819003427301,4.239301443099976,-1.8096385796864827
hard,cavity0.01_maxAbs,1,0.703311853528485,0.737448667432193,16.59220314025879,10.92573070526123
hard,cavity0.01_std,1,0.5211493763210314,0.610308703343023,4.100388469027919,3.691510839423239
hard,cavity0.01_sideDifference,1,0.7125669732200747,0.7563092615186133,1.2778526941935233,0.4406635481864214
hard,normalSpread0.01_mean,1,0.7607525812046636,0.7741879946153529,0.2957467883825302,0.09445388739307721
hard,normalSpread0.01_maxAbs,1,0.7523050023055875,0.7699498078654535,0.3965912461280823,0.14074598252773285
hard,normalSpread0.01_std,1,0.6788679448437934,0.7248110246660165,0.05871150200855979,0.026492626451052555
hard,normalSpread0.01_sideDifference,1,0.7410743335447764,0.7578599062031092,0.01508396863937378,0.002976522897370138
hard,cavity0.03_mean,1,0.6299356542133733,0.5297427042599637,2.8660210371017456,-1.3915734191735585
hard,cavity0.03_maxAbs,1,0.7655744189802516,0.8271011966650215,6.442503929138184,3.8082313537597656
hard,cavity0.03_std,-1,0.5278016398929833,0.4439383876437958,0.8463341172746618,0.99155560054993
hard,cavity0.03_sideDifference,1,0.7051610049084436,0.7081973599086571,0.27594661712646484,0.10654838879903161
hard,normalSpread0.03_mean,1,0.7335138791684905,0.7622841188824395,0.359147106607755,0.1976913114388784
hard,normalSpread0.03_maxAbs,1,0.7210098707232523,0.7514226945639766,0.4269145727157593,0.2529735267162323
hard,normalSpread0.03_std,1,0.5679797201929672,0.6113275679195219,0.03641329162837051,0.030997139818078688
hard,normalSpread0.03_sideDifference,1,0.6690861681136081,0.7019148624873697,0.009260336558024052,0.0037007040033737795
hard,cavity0.07_mean,1,0.6576659028189025,0.5441710214969189,0.32603392501672107,-1.325631856918335
hard,cavity0.07_maxAbs,1,0.5911994438501672,0.6678278289299013,2.1286842823028564,1.811989188194275
hard,cavity0.07_std,-1,0.5329464939855766,0.5230441026129262,0.2184434178645458,0.24054720343240826
hard,cavity0.07_sideDifference,1,0.6574482179096163,0.6947541400588502,0.0512467225392661,0.02560344338417054
hard,normalSpread0.07_mean,1,0.703229929100259,0.6993387091333798,0.3867751310269038,0.2814949204524358
hard,normalSpread0.07_maxAbs,1,0.6968445050945291,0.6991812042530163,0.4658960700035095,0.33492887020111084
hard,normalSpread0.07_std,1,0.5412559717056432,0.5629275148731164,0.03506282664238746,0.02831837236867972
hard,normalSpread0.07_sideDifference,1,0.660296847313932,0.6748889929040749,0.012293289105097471,0.0035990377267201556
hard,occlusion0.01_mean,1,0.6698117844778957,0.6450947953391196,0.050279090801874794,0.007461756467819214
hard,occlusion0.01_maxAbs,1,0.6631606912549183,0.6396897282326814,0.10101640224456787,0.01898014545440674
hard,occlusion0.01_std,1,0.6152173455080836,0.6104831769552259,0.019563005111171223,0.006844684233406329
hard,occlusion0.01_sideDifference,1,0.7093660687743871,0.6745719300853491,0.009064614772796634,0.001098235448201498
hard,occlusion0.05_mean,1,0.6634860482698731,0.6046425086674302,0.16431358456611633,0.03286616007486979
hard,occlusion0.05_maxAbs,1,0.6532244284600782,0.5966969642877108,0.24764293432235718,0.06363910436630249
hard,occlusion0.05_std,1,0.5539484063358011,0.5167672552861684,0.030207663239046147,0.017927386135570073
hard,occlusion0.05_sideDifference,1,0.6693237489554635,0.6217158139290628,0.007806718349456787,0.0021615425745646205
hard,occlusion0.2_mean,1,0.6658255758702128,0.5721350013152897,0.25065362453460693,0.061246246099472046
hard,occlusion0.2_maxAbs,1,0.6532045325275091,0.5651945983694793,0.34954702854156494,0.09774148464202881
hard,occlusion0.2_std,1,0.5319072240960809,0.47445288711741473,0.029436401080786094,0.02199222129717057
hard,occlusion0.2_sideDifference,1,0.6664212834983135,0.6051261533228953,0.009166916211446136,0.002742747465769451
hard,projectionDistanceMax,1,0.5579872806473434,0.5447674082632725,0.0013852118281647563,0.0011998733971267939
hard,normalMismatchMean,1,0.8051298736257178,0.8436948436819169,0.16888324419657388,0.036675721406936646
hard,normalMismatchMax,1,0.8014128452822062,0.8333840100036484,0.36922186613082886,0.08278346061706543
seamV1,lowAngle,1,0.8006953944368445,0.8533752522601966,60.60047158479885,18.823178402212505
seamV1,length,-1,0.5178313573491412,0.46909901500333007,0.025129719827250353,0.02593234268068524
seamV1,signedH_mean,-1,0.5837779297765617,0.5306948035308492,-5.560823917388916,6.991480618715286
seamV1,signedH_maxAbs,1,0.646201930384557,0.7210132923045417,87.53756713867188,59.169368743896484
seamV1,signedH_std,1,0.5707554339565284,0.6348016979546404,28.833287031690283,22.071641340913736
seamV1,signedH_sideDifference,1,0.6625379996960024,0.7237146229706817,8.569790959358215,3.3521998425324764
seamV1,absH_mean,1,0.6174969600243199,0.699787110337789,61.24634552001953,43.964219093322754
seamV1,absH_maxAbs,1,0.6288322693418453,0.7044260761159784,94.44840621948242,67.3944320678711
seamV1,absH_std,1,0.6136171910624715,0.6783360031499355,20.43330823800428,13.873961640852485
seamV1,absH_sideDifference,1,0.7120953032375741,0.7693419403208012,7.513546307881672,2.247720082600914
seamV1,cavity0.01_mean,1,0.5845569235446116,0.5214073380308153,1.7635646561781566,-1.8115407635147374
seamV1,cavity0.01_maxAbs,1,0.6862232102143182,0.7310530068597982,16.21005630493164,10.892772197723389
seamV1,cavity0.01_std,1,0.5564751481988144,0.6297349085412627,4.339370301282425,3.6538801625571677
seamV1,cavity0.01_sideDifference,1,0.7016947864417086,0.7520865740345811,1.1974511146545417,0.4371640086174009
seamV1,normalSpread0.01_mean,1,0.7329248366013073,0.7611511687856999,0.2599146415789922,0.09360701745996872
seamV1,normalSpread0.01_maxAbs,1,0.7268961848305213,0.7577755398725252,0.36482955515384674,0.13882817327976227
seamV1,normalSpread0.01_std,1,0.6682854537163703,0.7182475499494481,0.05687963436741113,0.026329340428709422
seamV1,normalSpread0.01_sideDifference,1,0.718374753001976,0.74680099367759,0.012569049994150795,0.002934203793605171
seamV1,cavity0.03_mean,1,0.6131478948168414,0.5369887154329992,0.9194839566092317,-1.410688785215219
seamV1,cavity0.03_maxAbs,1,0.7173107615139078,0.7851319098564136,6.110532760620117,3.810066819190979
seamV1,cavity0.03_std,-1,0.5005984952120384,0.43704648458150613,0.8962224821926643,0.9892755014518603
seamV1,cavity0.03_sideDifference,1,0.6796036631706946,0.6934549394851015,0.24127964178721117,0.10606320699056004
seamV1,normalSpread0.03_mean,1,0.6988486092111263,0.7384402195810098,0.3431345137457053,0.19629063022633392
seamV1,normalSpread0.03_maxAbs,1,0.6876538987688098,0.7278048051305268,0.4201723039150238,0.25264064967632294
seamV1,normalSpread0.03_std,1,0.5599920200638395,0.6023990541920337,0.03649689823099268,0.03081182794544003
seamV1,normalSpread0.03_sideDifference,1,0.6472678218574252,0.685067482898203,0.008365397651990236,0.0036817646274963957
seamV1,cavity0.07_mean,1,0.6269360845113239,0.5421420757160305,-0.30721908062696457,-1.3273261189460754
seamV1,cavity0.07_maxAbs,1,0.5574498404012769,0.6306982875943575,1.9683193564414978,1.8150222301483154
seamV1,cavity0.07_std,-1,0.5234572123423012,0.5261509686624882,0.22162001036887335,0.2405456890687882
seamV1,cavity0.07_sideDifference,1,0.6290583675330597,0.6682632216228858,0.044138769308725845,0.025615826249122623
seamV1,normalSpread0.07_mean,1,0.6655589755281958,0.6739398080292326,0.37478387107451755,0.2811043933033943
seamV1,normalSpread0.07_maxAbs,1,0.6605924152606779,0.6739397845995037,0.44656501710414886,0.33428214490413666
seamV1,normalSpread0.07_std,1,0.5404031767745858,0.5586404326485427,0.0344455356497826,0.02825956752788266
seamV1,normalSpread0.07_sideDifference,1,0.6374544003647971,0.655478839959823,0.009401810665925353,0.003589106102784456
seamV1,occlusion0.01_mean,1,0.6636969904240766,0.6586544387441841,0.03986119727293651,0.007323836286862692
seamV1,occlusion0.01_maxAbs,1,0.6600024699802403,0.654342871160891,0.0778762698173523,0.01858016848564148
seamV1,occlusion0.01_std,1,0.6248556011551907,0.6299139704289601,0.018889245044688883,0.006712862432568157
seamV1,occlusion0.01_sideDifference,1,0.6974568703450372,0.682774042363148,0.00602714220682779,0.0010905663172403983
seamV1,occlusion0.05_mean,1,0.6534950220398237,0.6167104097597106,0.1449659566084544,0.03258987764517467
seamV1,occlusion0.05_maxAbs,1,0.6473219714242286,0.6108918972429537,0.2087382972240448,0.06264320015907288
seamV1,occlusion0.05_std,1,0.5706746846025232,0.5424817716083459,0.030693327554014275,0.01763389287479257
seamV1,occlusion0.05_sideDifference,1,0.6685448016415869,0.6372705562383909,0.007242888212203989,0.0021210710207621164
seamV1,occlusion0.2_mean,1,0.646547727618179,0.579666093802936,0.19910795489947003,0.061019301414489746
seamV1,occlusion0.2_maxAbs,1,0.6393239854081167,0.5752542149682025,0.2849828004837036,0.09738534688949585
seamV1,occlusion0.2_std,1,0.5460594315245478,0.49924854390379,0.02982524448032629,0.021942528575574452
seamV1,occlusion0.2_sideDifference,1,0.6550853093175256,0.6125151706817337,0.00808369119962056,0.0027303894360860186
seamV1,projectionDistanceMax,1,0.5624468004255966,0.55277529739583,0.001377004198729992,0.001198284502606839
seamV1,normalMismatchMean,1,0.7633150934792521,0.8220943048200317,0.1508350670337677,0.03654918074607849
seamV1,normalMismatchMax,1,0.7585119319045448,0.8123243017051779,0.32917872071266174,0.08242344856262207
seamV2,lowAngle,1,0.8083959456672266,0.8595790666892138,59.41397628437529,18.402941724303588
seamV2,length,-1,0.5491705707298388,0.5008205551036891,0.023165221362422807,0.026035472631862906
seamV2,signedH_mean,-1,0.5923053124723769,0.5393336723191208,-6.474140917261442,7.188752323389053
seamV2,signedH_maxAbs,1,0.6628112201302336,0.7282671707948969,91.67423248291016,58.203542709350586
seamV2,signedH_std,1,0.5859748372079319,0.6440285387986806,29.84809642533088,21.801009560882108
seamV2,signedH_sideDifference,1,0.667177877957512,0.7237265458222444,8.746416687965395,3.2615521748860665
seamV2,absH_mean,1,0.6429609004390229,0.71243968214743,63.70988178253174,43.00410509109497
seamV2,absH_maxAbs,1,0.6489009693862519,0.714179195333123,99.22978591918945,66.38109970092773
seamV2,absH_std,1,0.6236630425174577,0.6802279247961618,21.304914838783503,13.643424211359669
seamV2,absH_sideDifference,1,0.7106603023070804,0.7695571536938054,7.443148612976074,2.194298108418783
seamV2,cavity0.01_mean,1,0.599583075517841,0.5323081145736138,2.3265109062194824,-1.865247887869676
seamV2,cavity0.01_maxAbs,1,0.6928666136303367,0.7469671975684299,16.110187530517578,10.75246286392212
seamV2,cavity0.01_std,1,0.5553375173104688,0.6405545619904702,4.255487614954661,3.6355438377543474
seamV2,cavity0.01_sideDifference,1,0.7097159609888329,0.758537835690231,1.2295337120691934,0.42746579647064153
seamV2,normalSpread0.01_mean,1,0.7383879902177437,0.7659731507379127,0.2726799100637436,0.09191555933405955
seamV2,normalSpread0.01_maxAbs,1,0.7299920445505171,0.7609576463837148,0.36707988381385803,0.13486427068710327
seamV2,normalSpread0.01_std,1,0.6674298005244704,0.7183823875294261,0.05375828733111797,0.025679130735977218
seamV2,normalSpread0.01_sideDifference,1,0.7203320663543417,0.7430636198864289,0.012744973103205326,0.002847344925006233
seamV2,cavity0.03_mean,1,0.62029818203247,0.5445043802834877,0.9194839566092317,-1.4332561194896698
seamV2,cavity0.03_maxAbs,1,0.7152037479006452,0.7724919082113758,6.109468221664429,3.787755608558655
seamV2,cavity0.03_std,1,0.5274021037744188,0.5798874559871342,0.9586699062176456,0.9816622820488565
seamV2,cavity0.03_sideDifference,1,0.6956127169333215,0.7030709060822341,0.2504052172104518,0.10456812381744385
seamV2,normalSpread0.03_mean,1,0.7164442087274226,0.7476836800517161,0.3647514147063096,0.1925872613986333
seamV2,normalSpread0.03_maxAbs,1,0.7098647573587908,0.7429992668616134,0.4447815418243408,0.2475830763578415
seamV2,normalSpread0.03_std,1,0.5968192934382274,0.6333209187870652,0.04191061636769762,0.030151397610302666
seamV2,normalSpread0.03_sideDifference,1,0.668854415274463,0.7113771963854756,0.009405308713515581,0.0035792340834935876
seamV2,cavity0.07_mean,1,0.6459972303249948,0.5616100152386837,-0.32389138701061404,-1.351810783147812
seamV2,cavity0.07_maxAbs,1,0.5247237691151772,0.5907375872543723,1.8527477383613586,1.8268376588821411
seamV2,cavity0.07_std,1,0.5056704676036419,0.49724098101683645,0.23687552322032718,0.23945085106137104
seamV2,cavity0.07_sideDifference,1,0.6553979197972835,0.6830737533831677,0.048252634704112965,0.02509239564339316
seamV2,normalSpread0.07_mean,1,0.6722310616105366,0.6714238327790026,0.3838829770684242,0.2789689501126607
seamV2,normalSpread0.07_maxAbs,1,0.676824597071216,0.6814468055640412,0.4644140303134918,0.32789453864097595
seamV2,normalSpread0.07_std,1,0.5853089366215858,0.5874615279558586,0.04015792870354269,0.02743978823321975
seamV2,normalSpread0.07_sideDifference,1,0.6757491381596393,0.6847693133452414,0.012268051505088834,0.003471021850903838
seamV2,occlusion0.01_mean,1,0.6796723533398156,0.6638443771103675,0.05599520107110341,0.007070610920588175
seamV2,occlusion0.01_maxAbs,1,0.6732579038863844,0.6595674192066369,0.10642102360725403,0.017815440893173218
seamV2,occlusion0.01_std,1,0.6371313238457232,0.6358588890759579,0.02559765540280979,0.006496785980155668
seamV2,occlusion0.01_sideDifference,1,0.710123309466985,0.6869855266533156,0.008426457643508911,0.0010297199090321834
seamV2,occlusion0.05_mean,1,0.679458734788886,0.642223613669673,0.1589876463015874,0.03126796086629231
seamV2,occlusion0.05_maxAbs,1,0.6710907805179881,0.6362398384023376,0.23161357641220093,0.06038084626197815
seamV2,occlusion0.05_std,1,0.592801791449365,0.5715079885913384,0.031679440668587536,0.01714865067854871
seamV2,occlusion0.05_sideDifference,1,0.6935663985385544,0.6661922861348711,0.007906218369801838,0.0020326872666676845
seamV2,occlusion0.2_mean,1,0.6741271104039601,0.6094492834642344,0.22404541075229645,0.05825676520665486
seamV2,occlusion0.2_maxAbs,1,0.6666563540469667,0.6063718870785599,0.3173348009586334,0.09346088767051697
seamV2,occlusion0.2_std,1,0.5747650195939774,0.5360963038000496,0.030664195990377195,0.02123819784859245
seamV2,occlusion0.2_sideDifference,1,0.6796148973157723,0.641537086155048,0.009001950422922761,0.0026012261708577428
seamV2,projectionDistanceMax,1,0.5915348124576445,0.5800946084438959,0.0014735098811797798,0.0011837875354103744
seamV2,normalMismatchMean,1,0.7774477739473763,0.8273937544319908,0.15357158581415814,0.03587093452612559
seamV2,normalMismatchMax,1,0.7752099354724653,0.8191086551468735,0.3349068760871887,0.07983288168907166
