label,family,rocAuc,averagePrecision,lengthWeightedAuc,foldMinAuc,foldMaxAuc
hard,low_geometry,0.8440837688982101,0.2789129759113455,0.8775942828230779,0.8023780549639996,0.9213407134071341
hard,low_plus_AO,0.8795722608567422,0.3907148261166637,0.900050846195152,0.8378057302585604,0.9557195571955719
hard,low_plus_curvature,0.8979900426709235,0.4082363119961479,0.922009247641685,0.866412213740458,0.9629766297662977
hard,projected_source,0.8895026719067092,0.4052729484159645,0.9141409854268281,0.8539208882720333,0.9633456334563346
hard,low_plus_source,0.9032144804937937,0.42397724082822025,0.9240939023649996,0.8694772148970622,0.967281672816728
seamV1,low_geometry,0.8075229898160814,0.2848429570366963,0.861026933486421,0.7805639097744361,0.8696837944664032
seamV1,low_plus_AO,0.8159028727770179,0.38245610613472286,0.8662217528932435,0.7344360902255639,0.8869169960474309
seamV1,low_plus_curvature,0.8248309013527891,0.3772360522799061,0.8724348732932482,0.7393984962406015,0.9315019762845851
seamV1,projected_source,0.8026637786897706,0.36566405767013305,0.8505982078467877,0.7279699248120302,0.9205533596837945
seamV1,low_plus_source,0.8271450828393373,0.3897181856839075,0.8743568944788231,0.7435338345864662,0.942292490118577
seamV2,low_geometry,0.8009855917970476,0.32748931536340176,0.8554262267279393,0.7591093117408907,0.8554649582605318
seamV2,low_plus_AO,0.8052343911134683,0.4201430422505933,0.8462821464690305,0.7674913194444445,0.869811687051058
seamV2,low_plus_curvature,0.8317672883703114,0.48065165128372817,0.8747534262297909,0.8055121527777778,0.9304601048340128
seamV2,projected_source,0.8151536580335308,0.45423902078788664,0.8532754093961772,0.7809909388856757,0.9209085614443797
seamV2,low_plus_source,0.8303102625298329,0.4845393675308449,0.8715320766284576,0.7989583333333334,0.9275868763346923
