case,profile,resolution,repeat,charts,small,mean,worst,valid,overlap,complete,invalid,degenerate,outOfBounds,preserveCorners,unwrapMs
"bust","recommended","512","0","66","34","1.03435878163529","1.7324144142169","True","0","True","0","0","0","True","3330.3403"
"bust","recommended","512","1","66","34","1.03435878163529","1.7324144142169","True","0","True","0","0","0","True","3261.3432"
"bust","recommended","512","2","66","34","1.03435878163529","1.7324144142169","True","0","True","0","0","0","True","3280.4224"
"bust","recommended","512","3","66","34","1.03435878163529","1.7324144142169","True","0","True","0","0","0","True","3282.2362"
"bust","recommended","512","4","66","34","1.03435878163529","1.7324144142169","True","0","True","0","0","0","True","3283.2218"
"bust","recommended","512","5","66","34","1.03435878163529","1.7324144142169","True","0","True","0","0","0","True","3279.7162"
"bust","recommended","512","6","66","34","1.03435878163529","1.7324144142169","True","0","True","0","0","0","True","3277.4562"
"bust","recommended","512","7","66","34","1.03435878163529","1.7324144142169","True","0","True","0","0","0","True","3283.3839"
"bust","recommended","512","8","66","34","1.03435878163529","1.7324144142169","True","0","True","0","0","0","True","3297.7431"
"bust","recommended","512","9","66","34","1.03435878163529","1.7324144142169","True","0","True","0","0","0","True","3273.2893"
"wave","recommended","512","0","1","0","1.06263177357563","1.13743918025569","True","0","True","0","0","0","True","29.5973"
"wave","recommended","512","1","1","0","1.06263177357563","1.13743918025569","True","0","True","0","0","0","True","28.9045"
"wave","recommended","512","2","1","0","1.06263177357563","1.13743918025569","True","0","True","0","0","0","True","28.253"
"cylinder","recommended","512","0","5","0","1.00068294868932","1.00144931352482","True","0","True","0","0","0","True","703.6794"
"cylinder","recommended","512","1","5","0","1.00068294868932","1.00144931352482","True","0","True","0","0","0","True","704.1923"
"cylinder","recommended","512","2","5","0","1.00068294868932","1.00144931352482","True","0","True","0","0","0","True","702.6681"
"torus","recommended","512","0","10","0","1.02276577359591","1.04351162604163","True","0","True","0","0","0","True","928.9248"
"torus","recommended","512","1","10","0","1.02276577359591","1.04351162604163","True","0","True","0","0","0","True","930.5845"
"torus","recommended","512","2","10","0","1.02276577359591","1.04351162604163","True","0","True","0","0","0","True","934.3028"
"cube","recommended","512","0","6","6","1.48818894789368","1.48818923671371","True","0","True","0","0","0","True","581.3359"
"cube","recommended","512","1","6","6","1.48818894789368","1.48818923671371","True","0","True","0","0","0","True","588.4893"
"cube","recommended","512","2","6","6","1.48818894789368","1.48818923671371","True","0","True","0","0","0","True","585.6021"
"bust","user","512","0","56","26","1.05524524434766","1.68645453191988","True","0","True","0","0","0","True","24433.0932"
"bust","user","512","1","56","26","1.05524524434766","1.68645453191988","True","0","True","0","0","0","True","24425.429"
"bust","user","512","2","56","26","1.05524524434766","1.68645453191988","True","0","True","0","0","0","True","24439.4087"
"bust","user","512","3","56","26","1.05524524434766","1.68645453191988","True","0","True","0","0","0","True","24422.1627"
"bust","user","512","4","56","26","1.05524524434766","1.68645453191988","True","0","True","0","0","0","True","24469.7526"
"bust","user","512","5","56","26","1.05524524434766","1.68645453191988","True","0","True","0","0","0","True","24397.2284"
"bust","user","512","6","56","26","1.05524524434766","1.68645453191988","True","0","True","0","0","0","True","24359.4149"
"bust","user","512","7","56","26","1.05524524434766","1.68645453191988","True","0","True","0","0","0","True","24474.4044"
"bust","user","512","8","56","26","1.05524524434766","1.68645453191988","True","0","True","0","0","0","True","24491.2504"
"bust","user","512","9","56","26","1.05524524434766","1.68645453191988","True","0","True","0","0","0","True","24454.8635"
"wave","user","512","0","1","0","1.10198324542436","1.2041168317419","True","0","True","0","0","0","True","291.2268"
"wave","user","512","1","1","0","1.10198324542436","1.2041168317419","True","0","True","0","0","0","True","286.4034"
"wave","user","512","2","1","0","1.10198324542436","1.2041168317419","True","0","True","0","0","0","True","292.5239"
"cylinder","user","512","0","5","0","1.25962707741786","1.27537776988289","True","0","True","0","0","0","True","4736.2346"
"cylinder","user","512","1","5","0","1.25962707741786","1.27537776988289","True","0","True","0","0","0","True","4754.1831"
"cylinder","user","512","2","5","0","1.25962707741786","1.27537776988289","True","0","True","0","0","0","True","4718.6948"
"torus","user","512","0","10","1","1.51545975509844","1.94754738222479","True","0","True","0","0","0","True","3603.3628"
"torus","user","512","1","10","1","1.51545975509844","1.94754738222479","True","0","True","0","0","0","True","3618.8891"
"torus","user","512","2","10","1","1.51545975509844","1.94754738222479","True","0","True","0","0","0","True","3601.1309"
"cube","user","512","0","6","6","1.50537643448183","1.50537656035831","True","0","True","0","0","0","True","583.3573"
"cube","user","512","1","6","6","1.50537643448183","1.50537656035831","True","0","True","0","0","0","True","594.2646"
"cube","user","512","2","6","6","1.50537643448183","1.50537656035831","True","0","True","0","0","0","True","583.4236"
