faceA,faceB,chartA,chartB,area
680,1623,19,19,1.6113474126660582e-06
680,1624,19,19,9.331035218097511e-06
681,1623,19,19,5.218459952350654e-06
681,1624,19,19,6.64193783757301e-05
682,1622,19,19,6.132188139719769e-07
682,1623,19,19,4.269163016335398e-05
682,1624,19,19,1.409068425702349e-06
683,1622,19,19,2.233255680810545e-05
683,1623,19,19,5.337129981273697e-06
684,1622,19,19,2.2692881152602896e-06
684,1623,19,19,3.164368949145211e-06
684,1624,19,19,3.7607765741462415e-07
685,1622,19,19,1.7177311481684024e-05
1099,1105,20,20,2.4860652787508936e-05
1099,1109,20,20,5.908643505128884e-06
1099,1110,20,20,9.941047565865346e-07
